domain_id,domain_name,cov_pop_density,cov_total_population,cov_share_car_commute,cov_share_bus_commute,cov_share_commute_bikewalk,cov_share_hh_nocar,cov_share_hh_withcar,cov_share_hh_deprived,cov_share_good_health
W02000001,Isle of Anglesey 001,62.8,8402,0.6915451895043732,0.01749271137026239,0.0641399416909621,0.13690319176998153,0.8630968082300184,0.19398258115597783,0.7757676743632469
W02000002,Isle of Anglesey 002,53.1,6367,0.6278890600924499,0.012711864406779662,0.033513097072419104,0.09887102292165584,0.9011289770783442,0.152582962709545,0.7932118164676304
W02000003,Isle of Anglesey 003,2298.2,10633,0.6247324613555292,0.02235434007134364,0.18834720570749108,0.3196687370600414,0.6803312629399586,0.2668737060041408,0.7742451321606623
W02000004,Isle of Anglesey 004,99.2,7401,0.6696979538811303,0.00974342318934719,0.06495615459564794,0.09545317675398976,0.9045468232460102,0.15090361445783132,0.8041891891891891
W02000005,Isle of Anglesey 005,100,8165,0.6164670658682635,0.02035928143712575,0.05808383233532934,0.11099393619825995,0.8890060638017401,0.1441750131787032,0.7891189805170935
W02000006,Isle of Anglesey 006,152.4,7042,0.709201667201026,0.010900929785187561,0.09105482526450785,0.17472852912142153,0.8252714708785784,0.19545903257650543,0.8153933541607498
W02000007,Isle of Anglesey 007,68.5,6894,0.6752626552053486,0.014645017510347023,0.06431072906717605,0.10637560637560638,0.8936243936243936,0.19611919611919612,0.7938787351319988
W02000008,Isle of Anglesey 008,831.4,5951,0.6485260770975056,0.02040816326530612,0.07520786092214664,0.1406362979031092,0.8593637020968908,0.13376717281272596,0.8177389551486646
W02000009,Isle of Anglesey 009,55.9,8035,0.6771004942339374,0.012355848434925865,0.029104887424492038,0.08633093525179857,0.9136690647482014,0.16455696202531644,0.803660358565737
W02000010,Gwynedd 001,3111.9,8626,0.46238244514106586,0.07092476489028213,0.22061128526645768,0.3858736059479554,0.6141263940520446,0.1895910780669145,0.8496807893209518
W02000011,Gwynedd 002,1265.2,8376,0.6101465002712968,0.03988062940857298,0.14731416169289202,0.22756788665879574,0.7724321133412042,0.18176453231041606,0.8173352435530086
W02000012,Gwynedd 003,72.3,8203,0.6557788944723618,0.02236180904522613,0.06984924623115578,0.15453779151447036,0.8454622084855297,0.16760247052217855,0.8315263734925082
W02000013,Gwynedd 004,206.1,6428,0.6680263570756197,0.023219328522121118,0.04235958581738312,0.10612097066280334,0.8938790293371967,0.13215061549601737,0.8424902723735409
W02000014,Gwynedd 005,72.5,6734,0.640107430617726,0.02208296031035512,0.08027454491196657,0.12769599452242383,0.8723040054775761,0.16809311879493324,0.8285375259566894
W02000015,Gwynedd 006,1378.1,8516,0.5959924180882751,0.030869212022745736,0.16490658001624695,0.25502990755845567,0.7449700924415443,0.19956498096791733,0.8143276570757487
W02000016,Gwynedd 007,77.4,6372,0.632991056641272,0.022524014574362372,0.08214640609473335,0.16142020497803808,0.8385797950219619,0.16538602268569338,0.8174241232898255
W02000017,Gwynedd 008,63.9,7572,0.6779015240328253,0.03311840562719812,0.049824150058616644,0.1323797930614729,0.867620206938527,0.18807060255629945,0.8044338875692795
W02000018,Gwynedd 009,28.2,6084,0.6601906158357771,0.03225806451612903,0.10153958944281524,0.2061450518042158,0.7938549481957842,0.18935334047874242,0.8041440552540701
W02000019,Gwynedd 010,28.5,6658,0.5808488249736934,0.018940722553490004,0.15994387934058224,0.16742819843342036,0.8325718015665796,0.1524649036891936,0.8048048048048048
W02000020,Gwynedd 011,46.4,6481,0.6541895604395604,0.019917582417582416,0.06696428571428571,0.1175228712174525,0.8824771287825475,0.14919071076706544,0.8070635410240592
W02000021,Gwynedd 012,101.5,7750,0.6133603238866396,0.02371312897628687,0.13765182186234817,0.18380870066263325,0.8161912993373668,0.184673004897724,0.8125886753514768
W02000022,Gwynedd 013,31.1,5555,0.633808906182447,0.009943795936013834,0.0825767401642888,0.13836948391922213,0.8616305160807779,0.16729041916167664,0.7865634005763689
W02000023,Gwynedd 014,32.9,5286,0.571608040201005,0.007537688442211055,0.062395309882747066,0.09223509223509224,0.9077649077649078,0.1491641663094728,0.8393262679788039
W02000024,Gwynedd 015,10.2,5680,0.5390401146131805,0.008595988538681949,0.12714899713467048,0.13636363636363635,0.8636363636363636,0.13994511956095648,0.8269061454481422
W02000025,Gwynedd 016,24.8,6124,0.540650406504065,0.011086474501108648,0.18736141906873613,0.2077831827658096,0.7922168172341905,0.17060458651841556,0.8023825065274152
W02000026,Gwynedd 017,25.6,6956,0.5671695402298851,0.008979885057471264,0.14295977011494254,0.17126436781609194,0.828735632183908,0.1781609195402299,0.7535940195514663
W02000027,Conwy 001,1260.9,8419,0.42033207107486165,0.0401980774832508,0.25779201864258666,0.3574639224035959,0.6425360775964041,0.23226111636707664,0.7415676959619952
W02000028,Conwy 002,1371.1,6713,0.6161495624502784,0.022673031026252982,0.1730310262529833,0.2592096450100469,0.7407903549899532,0.224715338245144,0.7730253353204173
W02000029,Conwy 003,679.5,5994,0.6803472770323599,0.024861878453038673,0.05288082083662194,0.10113179992698065,0.8988682000730194,0.11610076670317634,0.7978670221629728
W02000030,Conwy 004,2858.6,5882,0.6068773234200744,0.03438661710037175,0.09107806691449814,0.2156398104265403,0.7843601895734598,0.17326565143824027,0.7517006802721088
W02000031,Conwy 005,784,8169,0.7308665401644528,0.02530044275774826,0.06862745098039216,0.15120465245084463,0.8487953475491553,0.28014380530973454,0.7050905531081743
W02000032,Conwy 006,1649.5,8384,0.6559556786703601,0.020498614958448753,0.05789473684210526,0.12645161290322582,0.8735483870967742,0.14116129032258065,0.8064862286872541
W02000033,Conwy 007,3533.4,6959,0.5752306600425834,0.05997161107168204,0.14442867281760113,0.31878980891719744,0.6812101910828026,0.23980891719745223,0.746873652436395
W02000034,Conwy 008,949.8,7665,0.62025685931115,0.02568593111500292,0.05779334500875657,0.16492381236928594,0.8350761876307141,0.15780035863717873,0.7997651969736499
W02000035,Conwy 009,711.1,8892,0.6665794979079498,0.05099372384937238,0.05465481171548117,0.16896186440677965,0.8310381355932204,0.2047682119205298,0.7904676258992805
W02000036,Conwy 010,674.4,11291,0.6867156050201279,0.03149419843713,0.07506511958323467,0.1930379746835443,0.8069620253164557,0.22338049143708116,0.7369307106149211
W02000037,Conwy 011,310.9,7192,0.6872207327971404,0.025022341376228777,0.07119451891569854,0.1488357457520453,0.8511642542479547,0.17337948395217118,0.8130906058921623
W02000038,Conwy 012,75.8,6214,0.5710134398837632,0.027969487831456592,0.08136578278241918,0.14365999297506146,0.8563400070249385,0.15354884047786366,0.8021907216494846
W02000039,Conwy 013,236.4,7836,0.5908436510221711,0.042038583357327956,0.06939245608983588,0.18154599891126838,0.8184540010887317,0.1884018513476722,0.7998980372164161
W02000040,Conwy 014,14.1,6603,0.5979041916167664,0.0038922155688622755,0.03682634730538922,0.06310505557547508,0.9368949444245249,0.140961262553802,0.8276228016979987
W02000041,Conwy 015,19.2,8514,0.5935750790946702,0.01192504258943782,0.09783402287661232,0.13138097796883397,0.868619022031166,0.16048387096774194,0.8254899659664359
W02000042,Denbighshire 001,3145.3,5851,0.6866319444444444,0.028211805555555556,0.08246527777777778,0.19845360824742267,0.8015463917525774,0.24613117170228446,0.7176249786725815
W02000043,Denbighshire 002,809.5,5245,0.6314788397527342,0.02330004755111745,0.11697574893009986,0.243006993006993,0.756993006993007,0.24694055944055945,0.7531452535264964
W02000044,Denbighshire 003,2511.7,5309,0.7096180395766222,0.012425218591808559,0.0713299585826047,0.15905448717948717,0.8409455128205128,0.18772563176895307,0.7640619101547754
W02000045,Denbighshire 004,3389,9570,0.5874282067645182,0.05520102105934908,0.18123803446075304,0.3815363257751041,0.6184636742248959,0.3594075445498727,0.6821365109229643
W02000047,Denbighshire 006,3024.2,5565,0.6230237154150198,0.04891304347826087,0.19515810276679843,0.35885608856088563,0.6411439114391144,0.349169741697417,0.7521106520567631
W02000049,Denbighshire 008,122.9,6660,0.6684280052840158,0.0178335535006605,0.04689564068692206,0.11439633931714185,0.8856036606828581,0.17692578262398875,0.8059477320516671
W02000050,Denbighshire 009,210.2,6381,0.6924128503075871,0.029049897470950103,0.09535201640464798,0.13189113747383113,0.8681088625261689,0.16753926701570682,0.793762733113932
W02000051,Denbighshire 010,165.8,5303,0.6373344724476719,0.021785561725758223,0.05937633489961555,0.13183552352691819,0.8681644764730818,0.16871555743959304,0.7796642142991889
W02000052,Denbighshire 011,269,5007,0.6326034063260341,0.046228710462287104,0.13527980535279804,0.2739420935412027,0.7260579064587973,0.2507795100222717,0.7535478712772337
W02000053,Denbighshire 012,49.9,6313,0.6618985695708712,0.01657997399219766,0.06274382314694409,0.10199556541019955,0.8980044345898004,0.12269031781226904,0.8336762145909162
W02000054,Denbighshire 013,38.4,6133,0.5843932622894465,0.009281540048126504,0.033344792024750776,0.06396016851780927,0.9360398314821907,0.11000383288616328,0.839667264720274
W02000055,Denbighshire 014,697.3,5695,0.6296733569460842,0.012199921290830381,0.1349862258953168,0.1587966488956588,0.8412033511043412,0.1617199391171994,0.8131251096683628
W02000056,Denbighshire 015,28.4,5185,0.609883487344315,0.010445962233828847,0.0502209722780233,0.08914027149321267,0.9108597285067873,0.13218650973291082,0.8416586306653809
W02000057,Denbighshire 016,30.1,6232,0.5997888067581837,0.014783526927138331,0.10313269975360788,0.15610938040844582,0.8438906195915542,0.15512465373961218,0.7957351290684624
W02000419,Denbighshire 017,4181.9,11355,0.7093877551020408,0.0236734693877551,0.0836734693877551,0.1813317479191439,0.8186682520808561,0.21244550138723742,0.7692984772467213
W02000058,Flintshire 001,158,5121,0.731740927882407,0.014699127239320165,0.035829122645842905,0.1141025641025641,0.8858974358974359,0.21846943138093203,0.7537022603273578
W02000059,Flintshire 002,183.2,6574,0.6827495042961005,0.023463317911434238,0.043621943159286185,0.12681686046511628,0.8731831395348837,0.1822803195352215,0.8021593673965937
W02000060,Flintshire 003,659.3,10752,0.7347068819031436,0.0316482582837723,0.07816482582837724,0.21927554980595085,0.7807244501940491,0.2517784005173529,0.7679501488095238
W02000061,Flintshire 004,651.1,7629,0.6741314958369222,0.04536319265001436,0.11426930806775767,0.28588410104011885,0.7141158989598811,0.2689450222882615,0.7735675888291595
W02000062,Flintshire 005,677.4,6107,0.6886422976501305,0.019255874673629242,0.08289817232375979,0.10040322580645161,0.8995967741935483,0.14965711980637353,0.8203994760969221
W02000063,Flintshire 006,70.7,8124,0.6284111196123437,0.008926294312675338,0.028054067839836775,0.06574100311703032,0.93425899688296965,0.13998299801643524,0.8136952498457742
W02000064,Flintshire 007,581.5,6123,0.7072391767210788,0.046486870120652946,0.099361249112846,0.2481117824773414,0.7518882175226587,0.25840574234983,0.7806272459980399
W02000065,Flintshire 008,1073.9,7272,0.7072263549415515,0.02709883103081828,0.05844845908607864,0.11571618037135278,0.8842838196286472,0.14854111405835543,0.8232302405498282
W02000066,Flintshire 009,440.6,9840,0.6528835690968444,0.04504896626768226,0.13471164309031555,0.2584985835694051,0.7415014164305949,0.2539532688222799,0.7757464960390006
W02000067,Flintshire 010,842.9,6826,0.6779811097992916,0.012987012987012988,0.028630460448642266,0.0689149560117302,0.9310850439882697,0.10699890069622572,0.8417044955337531
W02000068,Flintshire 011,606.8,5196,0.6571540265832682,0.024237685691946835,0.12392494136043784,0.18455114822546972,0.8154488517745303,0.21888053467000834,0.7776280323450134
W02000069,Flintshire 012,420.1,6255,0.6329365079365079,0.008928571428571428,0.03736772486772487,0.07966226138032305,0.9203377386196769,0.11756061719324026,0.8382047596230634
W02000070,Flintshire 013,949.7,10618,0.629277566539924,0.01026615969581749,0.03821292775665399,0.08443153897699353,0.9155684610230065,0.10625,0.8548979015714689
W02000071,Flintshire 014,1060.1,7042,0.6973881717202042,0.015310717502251577,0.04413089162413689,0.08967303334412431,0.9103269666558756,0.12560699255422467,0.8177297911635175
W02000072,Flintshire 015,734.2,11670,0.6352486559139785,0.03377016129032258,0.08854166666666667,0.1461187214611872,0.8538812785388128,0.15564820329561246,0.823806667237981
W02000073,Flintshire 016,1590.5,10151,0.6036016007114273,0.01511783014673188,0.13072476656291684,0.19093496825049266,0.8090650317495074,0.19159185460915262,0.8015372487189594
W02000074,Flintshire 017,1749.2,9859,0.6785260482846251,0.024989411266412537,0.07052096569250317,0.16474576271186442,0.8352542372881356,0.1920469950293719,0.8001623870902264
W02000075,Flintshire 018,361.8,6442,0.6221538461538462,0.008,0.02923076923076923,0.06257025103034844,0.9374297489696516,0.08998875140607424,0.8660658794282163
W02000076,Flintshire 019,141.6,7317,0.66334018197828,0.013795127678309363,0.03874376284120928,0.08963148032479701,0.910368519675203,0.1393314589190878,0.8128159584642711
W02000077,Flintshire 020,180.8,6043,0.6868721856598545,0.011776931070315206,0.0401801177693107,0.10810810810810811,0.8918918918918919,0.14517374517374518,0.8151580340890286
W02000080,Wrexham 003,1169.7,7870,0.743991358358088,0.018363489062921956,0.05022954361328653,0.1610758537322454,0.8389241462677546,0.19220308250226656,0.7930640243902439
W02000081,Wrexham 004,1529.9,5951,0.7263719512195121,0.019435975609756097,0.054496951219512195,0.18284048313202833,0.8171595168679717,0.21532694710537276,0.7712703473737205
W02000082,Wrexham 005,1633.9,7666,0.7335120643431635,0.029490616621983913,0.05442359249329759,0.17563050744454572,0.8243694925554542,0.2037037037037037,0.7954663887441376
W02000083,Wrexham 006,702.3,8688,0.7301289566236812,0.03305978898007034,0.049941383352872216,0.16140350877192983,0.8385964912280702,0.1799784133837021,0.8105650822879503
W02000085,Wrexham 008,3270.3,8921,0.6657760505222249,0.025261112460529513,0.11537527325722613,0.2034440344403444,0.7965559655596556,0.16678966789667896,0.789332138054684
W02000087,Wrexham 010,4890.9,6870,0.6825396825396826,0.03378103378103378,0.16524216524216523,0.41348233597692863,0.5865176640230714,0.3619322278298486,0.7385220813292523
W02000088,Wrexham 011,2082.7,8677,0.589041095890411,0.02896923422411857,0.18975971255333482,0.2721158820486291,0.727884117951371,0.17567917205692107,0.8165687291162577
W02000089,Wrexham 012,4093.5,8620,0.7171996978091161,0.023419793502895997,0.13246033744648703,0.32655137334689727,0.6734486266531028,0.2676844783715013,0.7784743991640544
W02000090,Wrexham 013,167.2,5699,0.7356549267906609,0.026117926394934706,0.037989711119905026,0.1437552388935457,0.8562447611064543,0.20527859237536658,0.7925289372150123
W02000091,Wrexham 014,809.3,6196,0.7414435784479837,0.024398508980006776,0.05286343612334802,0.14072415080253825,0.8592758491974617,0.17394550205300485,0.8018715714746693
W02000092,Wrexham 015,447.8,6731,0.7328167115902965,0.04245283018867924,0.06805929919137467,0.24416277518345564,0.7558372248165444,0.23382254836557706,0.7652393696104668
W02000093,Wrexham 016,107.7,6552,0.6856343283582089,0.016791044776119403,0.041666666666666664,0.13966480446927373,0.8603351955307262,0.16503838101884158,0.8213032198992828
W02000094,Wrexham 017,665.6,8892,0.7071352502662407,0.05511182108626198,0.05990415335463259,0.23972781994242345,0.7602721800575766,0.2457471866003664,0.7672249072721142
W02000095,Wrexham 018,53.2,6390,0.60431654676259,0.0032701111837802484,0.03662524525833878,0.07028985507246377,0.9297101449275362,0.11920289855072463,0.8302536799248356
W02000096,Wrexham 019,48.7,6456,0.6674410886159974,0.01659475605708596,0.09824095585794888,0.13132743362831859,0.8686725663716814,0.18442477876106195,0.7856368983129547
W02000424,Wrexham 021,433.4,6679,0.6363343013875443,0.01903839948370442,0.043239754759599874,0.09326599326599326,0.9067340067340067,0.10168350168350168,0.8358275965279857
W02000425,Wrexham 022,130.8,8338,0.56987087517934,0.00860832137733142,0.0539454806312769,0.08353637312913331,0.9164636268708667,0.10581273929690219,0.8173756740563212
W02000426,Wrexham 023,3392.1,9890,0.7069746376811594,0.016530797101449276,0.08808876811594203,0.1649977241693218,0.8350022758306782,0.1763768775603095,0.7966649823143002
W02000116,Ceredigion 001,38.1,7359,0.5813008130081301,0.0156794425087108,0.04790940766550523,0.11795503541730828,0.8820449645826918,0.14747536945812809,0.802227655528389
W02000117,Ceredigion 002,1549.8,8980,0.28604963112005366,0.015090543259557344,0.37592219986586184,0.4150559511698881,0.5849440488301119,0.16655359565807326,0.8327945602496934
W02000118,Ceredigion 003,1132.6,6453,0.5012778386272362,0.014238773274917854,0.22088353413654618,0.23783185840707965,0.7621681415929203,0.17809734513274336,0.8044588945657223
W02000120,Ceredigion 005,43.8,7070,0.5769230769230769,0.02080706179066835,0.057692307692307696,0.12318167749922625,0.8768183225007737,0.16409147095179233,0.7840282685512368
W02000122,Ceredigion 007,37.6,6327,0.5435821993379919,0.007723427730783376,0.04560500183891136,0.09527145359019265,0.9047285464098074,0.1607705779334501,0.7849360492657508
W02000123,Ceredigion 008,33.7,7680,0.5955228457528365,0.013799448022079117,0.08432996013492794,0.1250374812593703,0.8749625187406297,0.18274415817855003,0.7669143527571373
W02000124,Ceredigion 009,112.9,8681,0.5832101684895064,0.01418859000886787,0.11971622819982264,0.191433357262503,0.808566642737497,0.21493537577788416,0.745993312579269
W02000125,Ceredigion 010,41.4,7454,0.6071088543319582,0.008251348778165662,0.04411298000634719,0.08360413589364844,0.9163958641063515,0.18291962174940898,0.7543317662860981
W02000421,Ceredigion 011,15,11484,0.5763968072976055,0.009312048650703154,0.04846066134549601,0.0878702962369896,0.9121297037630104,0.15009005403241946,0.8000696318217425
W02000126,Pembrokeshire 001,28.8,8226,0.5946589106292967,0.004494976203067161,0.04547858276044421,0.07918614242507561,0.9208138575749244,0.16552103381908165,0.8029676477742642
W02000127,Pembrokeshire 002,48.9,9630,0.6082867310625317,0.011947127605490595,0.0800711743772242,0.14128233970753656,0.8587176602924634,0.1793025871766029,0.7917532197756544
W02000128,Pembrokeshire 003,34.9,7239,0.5722304283604136,0.007385524372230428,0.07533234859675036,0.09909062402006899,0.900909375979931,0.15186695952306245,0.8086223573303856
W02000129,Pembrokeshire 004,31.4,7222,0.6354354354354355,0.0012012012012012011,0.037237237237237236,0.06664478003939593,0.9333552199606041,0.13690085357846357,0.8116002214839424
W02000130,Pembrokeshire 005,1666.9,6708,0.6091440357511172,0.017188037126160193,0.19353729804056377,0.30641106222501574,0.6935889377749843,0.24324324324324326,0.7832438878950507
W02000131,Pembrokeshire 006,726.6,7205,0.7175718849840256,0.009584664536741214,0.11309904153354633,0.17548834278512918,0.8245116572148709,0.19520655944497003,0.7903427223532676
W02000132,Pembrokeshire 007,45,6987,0.6044682190056639,0.0040906230333543105,0.07835116425424796,0.10217809096732863,0.8978219090326713,0.16618635926993275,0.7925798596189657
W02000133,Pembrokeshire 008,44.9,8272,0.6416484716157205,0.01064410480349345,0.04230349344978166,0.08196721311475409,0.9180327868852459,0.13340870548332392,0.8005315935725504
W02000134,Pembrokeshire 009,175.1,8343,0.7351800554016621,0.011634349030470914,0.047922437673130196,0.09760087241003272,0.9023991275899673,0.1702127659574468,0.7864858377340375
W02000135,Pembrokeshire 010,809.5,7354,0.7391155296537538,0.02296880356530682,0.07884813164209804,0.23200702165008777,0.7679929783499122,0.23698069046225864,0.7512925170068028
W02000136,Pembrokeshire 011,116.9,8300,0.6688330871491875,0.006499261447562777,0.05258493353028065,0.10792313766780731,0.8920768623321926,0.17114270668773038,0.7670721425990605
W02000137,Pembrokeshire 012,1183.3,7449,0.7468477206595538,0.02651147752990624,0.07888781118655028,0.22358943577430973,0.7764105642256903,0.25570228091236497,0.7550362610797744
W02000138,Pembrokeshire 013,1532.8,9647,0.719546027742749,0.011097099621689786,0.1223203026481715,0.2207938655841227,0.7792061344158773,0.26844123618317167,0.745055400227814
W02000139,Pembrokeshire 014,97.9,7724,0.6626468769325912,0.005875077303648732,0.04267161410018553,0.08676726639582125,0.9132327336041788,0.15699361578641904,0.7884515794924909
W02000140,Pembrokeshire 015,72.8,7280,0.6851851851851852,0.009084556254367574,0.07617051013277429,0.18822100789313903,0.811778992106861,0.24270959902794653,0.7630819942315616
W02000141,Pembrokeshire 016,215.8,5790,0.5303728529534981,0.006702974444909929,0.2036028487641391,0.23601587874413568,0.7639841212558643,0.1901840490797546,0.7669718431508032
W02000142,Carmarthenshire 001,34.7,5564,0.6729083665338645,0.013944223107569721,0.06135458167330677,0.11309030654515327,0.8869096934548467,0.19676884838442418,0.7688577586206896
W02000143,Carmarthenshire 002,13.7,5572,0.5221417069243156,0.004428341384863124,0.0861513687600644,0.10028653295128939,0.8997134670487106,0.16284779050736498,0.7852276801721046
W02000144,Carmarthenshire 003,32.8,7605,0.5832092884787139,0.006847275974992557,0.048526347127121165,0.09487951807228916,0.9051204819277109,0.17620481927710843,0.75992637391533
W02000145,Carmarthenshire 004,22.1,7089,0.5429292929292929,0.005997474747474747,0.06470959595959595,0.10975609756097561,0.8902439024390244,0.15564826700898587,0.802341986455982
W02000146,Carmarthenshire 005,25,6524,0.5943488145501786,0.003897369275738876,0.0220850925625203,0.06272401433691756,0.9372759856630825,0.14516129032258066,0.8024521072796935
W02000147,Carmarthenshire 006,66,8477,0.6514471057884231,0.004740518962075849,0.09331337325349301,0.14391988555078683,0.8560801144492132,0.15965665236051502,0.8116660762781911
W02000148,Carmarthenshire 007,942.4,5289,0.6165153480328578,0.01297016861219196,0.18028534370946822,0.2413793103448276,0.7586206896551724,0.20893617021276595,0.7923600605143721
W02000149,Carmarthenshire 008,216.9,6450,0.5832122093023255,0.014534883720930232,0.15152616279069767,0.2719465648854962,0.7280534351145038,0.20369191597708466,0.7621705426356589
W02000151,Carmarthenshire 010,124.5,7414,0.7174206617150574,0.014179608372721135,0.04220121539500338,0.16707844348363188,0.8329215565163681,0.2556275053962381,0.7377513834525578
W02000152,Carmarthenshire 011,250.5,8650,0.7341772151898734,0.009845288326300985,0.03909985935302391,0.1371801850843767,0.8628198149156233,0.20882112714402395,0.75719403675026
W02000153,Carmarthenshire 012,59.8,8672,0.6612445132971857,0.008520526723470178,0.026077975729408728,0.08654876741693462,0.9134512325830654,0.17792068595927116,0.7756114443931703
W02000154,Carmarthenshire 013,549.1,7850,0.6785932721712539,0.012232415902140673,0.0837920489296636,0.19240799768183137,0.8075920023181686,0.2407997681831353,0.7404619114457063
W02000156,Carmarthenshire 015,184.7,8421,0.7298714922633097,0.01049042748492001,0.041699449252557044,0.10597519729425028,0.8940248027057497,0.20095828635851185,0.7649085293418865
W02000157,Carmarthenshire 016,189.8,10103,0.7065124250214224,0.009425878320479864,0.03299057412167952,0.1008130081300813,0.8991869918699187,0.18787738039944263,0.7783163517657533
W02000158,Carmarthenshire 017,224.1,5892,0.7059032716927454,0.01209103840682788,0.030227596017069702,0.09415457041977246,0.9058454295802275,0.1675166732051785,0.8082540760869565
W02000159,Carmarthenshire 018,196.3,6193,0.703150912106136,0.01285240464344942,0.053482587064676616,0.16504126031507876,0.8349587396849212,0.26077182465342824,0.7253350557080575
W02000160,Carmarthenshire 019,342.5,7643,0.7343229324447137,0.009088155104513784,0.033020296879733416,0.11510353227771011,0.8848964677222899,0.1814859926918392,0.7815971768396288
W02000161,Carmarthenshire 020,1082.6,5189,0.7087058823529412,0.009411764705882352,0.10964705882352942,0.20027186225645674,0.7997281377435432,0.2526029877772748,0.7490860111602847
W02000162,Carmarthenshire 021,198.1,8206,0.6870602630773937,0.01345977363107984,0.05506271030896299,0.16612816370490038,0.8338718362950996,0.23128702207862142,0.7435460301997078
W02000163,Carmarthenshire 022,3350.1,5339,0.69760348583878,0.020043572984749455,0.11241830065359477,0.21813515825491872,0.7818648417450813,0.22355460385438972,0.7681784107946027
W02000164,Carmarthenshire 023,502.5,7429,0.6762954139368672,0.01429422275163788,0.08546754020250148,0.16717049576783555,0.8328295042321644,0.1792082200060441,0.7778076664425017
W02000165,Carmarthenshire 024,2818.1,6584,0.7059235892043463,0.016824395373291272,0.11847178408692605,0.24316546762589927,0.7568345323741007,0.24613170205109752,0.7470775770456961
W02000166,Carmarthenshire 025,919.1,9164,0.7365374937091093,0.013085052843482638,0.05586311021640664,0.1674454828660436,0.8325545171339563,0.23935617860851505,0.7646224356176342
W02000167,Carmarthenshire 026,2212,10310,0.6743174679874365,0.016429089151969074,0.12031891761295,0.3099129696455105,0.6900870303544895,0.3056499575191164,0.7216024832670482
W02000418,Carmarthenshire 027,38.9,12251,0.6033868092691622,0.006595365418894831,0.05258467023172905,0.09645336836179395,0.903546631638206,0.1681366109964346,0.7882324139056635
W02000168,Swansea 001,418.2,6519,0.6779431664411367,0.017929634641407306,0.05953991880920163,0.1602541475467702,0.8397458524532297,0.1989399293286219,0.7921400061406202
W02000169,Swansea 002,137.8,9138,0.7000254647313471,0.01578813343519226,0.04736440030557677,0.16840796019900497,0.831592039800995,0.2218905472636816,0.770283586992226
W02000170,Swansea 003,1689.1,8680,0.6617873651771957,0.01848998459167951,0.07473035439137134,0.18377526909950118,0.8162247309004989,0.19086374376476767,0.7951140815856188
W02000171,Swansea 004,365.2,8448,0.6341633697928788,0.011403304631138002,0.03816616243891087,0.089058524173028,0.910941475826972,0.12591963780418788,0.8438498875340358
W02000172,Swansea 005,938.7,10242,0.6659565402641671,0.0195994887089902,0.07008947592671495,0.18426316959324293,0.815736830406757,0.21076033792796797,0.7755340942347088
W02000173,Swansea 006,870.5,7897,0.675568743818002,0.011869436201780416,0.028189910979228485,0.10913003381494006,0.89086996618506,0.16030769230769232,0.8249145461450816
W02000174,Swansea 007,1290.1,9638,0.6953107471393314,0.016603096253085033,0.04105900830154813,0.12941455321166154,0.8705854467883385,0.1595921271045767,0.8063712773684757
W02000175,Swansea 008,3329.7,7347,0.6283762806581807,0.0388078236572493,0.10928283141881404,0.2932748538011696,0.7067251461988304,0.28120432622040337,0.7458503401360544
W02000176,Swansea 009,2504.2,8949,0.6900665926748057,0.03607103218645949,0.07352941176470588,0.24266733517172223,0.7573326648282778,0.257458009526197,0.7574606013188778
W02000177,Swansea 010,1075.5,6997,0.6964232929352645,0.01832692876145433,0.04995566065622229,0.14457831325301204,0.8554216867469879,0.20147255689424365,0.7837335620354489
W02000178,Swansea 011,2637.4,8916,0.7044207808970636,0.06260083898031624,0.07905776056792514,0.3579607415485278,0.6420392584514721,0.36450381679389315,0.7554408795153691
W02000179,Swansea 012,743.2,6477,0.6418558077436582,0.016355140186915886,0.05106809078771696,0.11644571838050878,0.8835542816194912,0.15519713261648746,0.7968822349127952
W02000180,Swansea 013,2377,8009,0.7055694618272841,0.038172715894868585,0.07540675844806008,0.24948209529446583,0.7505179047055341,0.2972493345164153,0.7460059910134798
W02000181,Swansea 014,874.1,7397,0.6710405859017394,0.035398230088495575,0.07140677448886176,0.23700811054370682,0.7629918894562931,0.2628416942024632,0.743347291638525
W02000182,Swansea 015,5005.7,7526,0.640137417692528,0.04609218436873747,0.09075293444030919,0.2481709101551068,0.7518290898448932,0.2467076382791923,0.7732465462274176
W02000183,Swansea 016,3553.4,10211,0.5817116060961313,0.05439624853458382,0.13622508792497068,0.35777777777777775,0.6422222222222222,0.2807914628723877,0.7603758809710258
W02000184,Swansea 017,1408.7,6766,0.670465973851827,0.029165269862554476,0.05564867582970164,0.2175584748478052,0.7824415251521948,0.2406280038449215,0.7587479698804075
W02000185,Swansea 018,223.1,5029,0.6333484779645616,0.007269422989550204,0.04179918218991367,0.11126248864668484,0.8887375113533151,0.14993184915947297,0.8184168655529037
W02000186,Swansea 019,4887.4,8836,0.635572572224156,0.0685694396101636,0.1242603550295858,0.4291015107341638,0.5708984892658362,0.3745030479724357,0.7264599366229063
W02000188,Swansea 021,1345.9,8080,0.5476815398075241,0.04753572470107903,0.14173228346456693,0.31475667189952905,0.685243328100471,0.24986917844060702,0.7823449300482852
W02000189,Swansea 022,2861.2,8244,0.5739573957395739,0.017101710171017102,0.0666066606660666,0.22969114975343888,0.7703088502465611,0.2137107244871462,0.7712275594371665
W02000191,Swansea 024,5480.3,8774,0.45346589339961335,0.02540734603700635,0.13228389947528307,0.25177304964539005,0.74822695035461,0.16557555919258046,0.8284347231715653
W02000192,Swansea 025,4250.6,9123,0.420256111757858,0.06577415599534342,0.20256111757857975,0.5082974800245851,0.49170251997541486,0.2685925015365704,0.744519947391495
W02000193,Swansea 026,8393.9,8816,0.4416961130742049,0.044169611307420496,0.19328621908127208,0.3702656868287168,0.6297343131712833,0.214527981910684,0.8156969490756493
W02000194,Swansea 027,1668.1,6543,0.48187183811129847,0.025295109612141653,0.08642495784148398,0.14622057001239158,0.8537794299876085,0.1115702479338843,0.8398347865993575
W02000195,Swansea 028,552.3,5790,0.5525641025641026,0.008547008547008548,0.051709401709401706,0.1130072051573758,0.8869927948426242,0.08301743745261561,0.8422598479612993
W02000196,Swansea 029,2529.1,6274,0.5651052857756769,0.026643747314138374,0.07090674688440052,0.1990694582917913,0.8009305417082087,0.1814556331006979,0.7733354571519592
W02000197,Swansea 030,48.6,6037,0.49721337579617836,0.005971337579617835,0.05334394904458599,0.08352668213457076,0.9164733178654292,0.10127560881329725,0.8193548387096774
W02000198,Swansea 031,1644.9,7267,0.4830820770519263,0.011055276381909548,0.0814070351758794,0.13382570162481536,0.8661742983751847,0.08690511380431569,0.8306229327453142
W02000428,Swansea 032,964.3,10496,0.5846086576300831,0.014866637516397026,0.03760384783559248,0.112090395480226,0.887909604519774,0.1303954802259887,0.8222412644006475
W02000200,Neath Port Talbot 002,116.1,5141,0.7377756471716204,0.01821668264621285,0.0488974113135187,0.17178460169114373,0.8282153983088563,0.2585669781931464,0.7474156426760289
W02000201,Neath Port Talbot 003,129.4,5272,0.7360219981668195,0.01695692025664528,0.07011915673693858,0.20638297872340425,0.7936170212765957,0.2563884156729131,0.7488644965934897
W02000202,Neath Port Talbot 004,241.5,12446,0.663458110516934,0.01568627450980392,0.04367201426024955,0.1515777610818933,0.8484222389181066,0.19752159218926024,0.7833453786236249
W02000204,Neath Port Talbot 006,621,6610,0.6742474916387959,0.00568561872909699,0.04046822742474916,0.12200067590402162,0.8779993240959784,0.14256756756756755,0.8197242841993637
W02000205,Neath Port Talbot 007,716.7,5728,0.6680923866552609,0.016680923866552608,0.07100085543199315,0.1960934507851398,0.8039065492148602,0.23754789272030652,0.7497818879776653
W02000206,Neath Port Talbot 008,3119.2,6605,0.6115871073031416,0.026519787841697267,0.13096695226438188,0.38185085354896675,0.6181491464510332,0.3297394429469901,0.6965475469412478
W02000207,Neath Port Talbot 009,484.9,5247,0.6828644501278772,0.01278772378516624,0.03324808184143223,0.1234676007005254,0.8765323992994746,0.17075306479859895,0.7822442369975233
W02000208,Neath Port Talbot 010,788.8,12718,0.6486277541553923,0.018361035948975646,0.05373018940858137,0.16304108987035817,0.8369589101296419,0.20026379424049243,0.8110744061664307
W02000210,Neath Port Talbot 012,2252.7,6180,0.6939586645468998,0.015500794912559618,0.06478537360890302,0.24356583364416262,0.7564341663558374,0.29317418873554646,0.7458751213199611
W02000211,Neath Port Talbot 013,847.7,7827,0.6981852913085005,0.022922636103151862,0.07195160776822668,0.2880568461328232,0.7119431538671768,0.32030609456135556,0.7304347826086957
W02000212,Neath Port Talbot 014,179.2,7743,0.7073170731707317,0.020226055919095775,0.04015466983938132,0.18624641833810887,0.8137535816618912,0.2537270642201835,0.7609201344016542
W02000213,Neath Port Talbot 015,748.4,6745,0.693857653558661,0.008449788755281119,0.03769905752356191,0.13705583756345177,0.8629441624365483,0.17619208657423063,0.788623907569249
W02000214,Neath Port Talbot 016,3293.8,9657,0.6953213077790305,0.02367531003382187,0.1104847801578354,0.2609542356377799,0.73904576436222,0.3351996105160662,0.7099513306409858
W02000215,Neath Port Talbot 017,3487,9459,0.6589611096002176,0.018765297797117216,0.11721512102257275,0.3077797998180164,0.6922202001819836,0.3114194722474977,0.7363693998309383
W02000216,Neath Port Talbot 018,827.9,7188,0.6478555304740407,0.010964205095130602,0.09577555627217027,0.22635029659694036,0.7736497034030596,0.2255146600124766,0.7647385984427141
W02000217,Neath Port Talbot 019,128.4,6394,0.6443335709194583,0.014611546685673557,0.05808980755523877,0.17938517179023508,0.820614828209765,0.22820976491862568,0.7933406284195716
W02000417,Neath Port Talbot 020,311,10187,0.7182448036951501,0.012009237875288684,0.04503464203233257,0.16330556773345023,0.8366944322665497,0.26085050416483996,0.7308901552367852
W02000427,Neath Port Talbot 021,116.3,11138,0.7227567688520922,0.018572387558737972,0.059073618259118374,0.21587886228770206,0.784121137712298,0.30408997955010225,0.7318977119784656
W02000218,Bridgend 001,457.6,6667,0.741210139002453,0.03311529026982829,0.06991005723630417,0.28462603878116344,0.7153739612188366,0.3448753462603878,0.7096774193548387
W02000219,Bridgend 002,1139.7,7187,0.6999349804941483,0.0188556566970091,0.08810143042912874,0.25099846390168973,0.7490015360983103,0.2692661958857845,0.7502090883746864
W02000220,Bridgend 003,207.5,7992,0.7712592592592593,0.026962962962962963,0.047407407407407405,0.21184971098265895,0.7881502890173411,0.28901734104046245,0.734778251064896
W02000221,Bridgend 004,248.8,7685,0.7413115744938048,0.033847083711090964,0.050770625566636446,0.22383004926108374,0.7761699507389163,0.29341133004926107,0.740894901144641
W02000222,Bridgend 005,310.9,6170,0.7477756286266924,0.011218568665377175,0.04216634429400387,0.18167821401077752,0.81832178598922245,0.24865280985373364,0.7610490529383196
W02000223,Bridgend 006,423.2,6005,0.6893617021276596,0.013120567375886525,0.040780141843971635,0.1753123816736085,0.8246876183263915,0.21052631578947367,0.7950041631973356
W02000224,Bridgend 007,628.8,6501,0.7155778894472362,0.01507537688442211,0.04623115577889447,0.18566308243727597,0.814336917562724,0.24551971326164876,0.7721888940163052
W02000225,Bridgend 008,829.3,8889,0.7053406998158379,0.022099447513812154,0.07208629308076822,0.2002635046113307,0.7997364953886693,0.2643647865050079,0.7469594594594594
W02000226,Bridgend 009,417.6,10023,0.6765902762904262,0.00835296637395588,0.044977511244377814,0.12742123687281215,0.8725787631271879,0.17950513538748833,0.7954658943373615
W02000227,Bridgend 010,446.1,7416,0.7186505410566518,0.020369191597708464,0.06333545512412476,0.2078740157480315,0.7921259842519685,0.24102079395085066,0.7767567567567567
W02000228,Bridgend 011,1615.2,12159,0.6172232581793524,0.008815053398881166,0.06865570435667062,0.09445958219800181,0.9055404178019982,0.1030881017257039,0.8311271890158678
W02000229,Bridgend 012,2887.9,6118,0.7220508866615266,0.013492675404780262,0.06322282189668466,0.18265343623667768,0.8173465637633223,0.2400735294117647,0.7548555573690223
W02000230,Bridgend 013,207.1,5677,0.6100580270793037,0.003094777562862669,0.04719535783365571,0.08017057569296375,0.9198294243070363,0.11556503198294243,0.8252905952800281
W02000231,Bridgend 014,3497.2,8327,0.5509349706949483,0.015350265140943344,0.15350265140943345,0.3059395801331285,0.6940604198668715,0.2517285531370038,0.7612406828564559
W02000232,Bridgend 015,729.7,5748,0.6312154696132597,0.006215469613259668,0.04661602209944751,0.10515631343889566,0.8948436865611044,0.12667478684531058,0.8185140073081608
W02000233,Bridgend 016,4449.5,6208,0.6515837104072398,0.005656108597285068,0.08295625942684766,0.18813368381524595,0.811866316184754,0.22193015396169732,0.7739648783631384
W02000234,Bridgend 017,3815.3,10637,0.6079457364341085,0.007170542635658915,0.042829457364341086,0.11395348837209303,0.8860465116279069,0.1518957897185392,0.8313751292414701
W02000235,Bridgend 018,1307.7,9170,0.5914515681376631,0.009991673605328892,0.07799056341937274,0.16879734848484848,0.8312026515151515,0.16611452910553715,0.7709582470293251
W02000236,Bridgend 019,1086,6959,0.6108146567057986,0.014941302027748132,0.08786908573461402,0.183125,0.816875,0.2176084920387137,0.7476286289163553
W02000237,Vale of Glamorgan 001,88.4,6127,0.5073839662447257,0.0024613220815752463,0.02707454289732771,0.06444099378881987,0.9355590062111802,0.0826863354037267,0.8620071684587813
W02000238,Vale of Glamorgan 002,152.3,6550,0.47132815390307065,0.008509064002959674,0.04735479097299297,0.09875259875259876,0.9012474012474012,0.08873483535528597,0.8404514948139109
W02000239,Vale of Glamorgan 003,74,8008,0.5066527524132534,0.007044090790503522,0.024002087138012,0.06493893357164135,0.9350610664283586,0.10393091125670041,0.852808988764045
W02000240,Vale of Glamorgan 004,2620.7,8991,0.48843728100911005,0.01635131978509694,0.11188974538659192,0.16282188841201717,0.8371781115879828,0.1494098712446352,0.8252750916972325
W02000241,Vale of Glamorgan 005,4574.2,10169,0.37017033651848774,0.015371832156211051,0.10012463647694225,0.18957545187053385,0.8104245481294662,0.12189995796553174,0.8286809514448594
W02000242,Vale of Glamorgan 006,418.6,8215,0.5037837837837837,0.01027027027027027,0.054324324324324325,0.12846836847946727,0.8715316315205327,0.14123196448390676,0.8238802336903602
W02000243,Vale of Glamorgan 007,3579.4,9358,0.6570597567424643,0.035166578529878374,0.0817028027498678,0.25721583652618135,0.7427841634738186,0.2827586206896552,0.7440119760479041
W02000244,Vale of Glamorgan 008,986.5,10166,0.5109604519774011,0.01807909604519774,0.04926553672316384,0.1244196843082637,0.8755803156917363,0.1288300835654596,0.8285601810845389
W02000245,Vale of Glamorgan 009,2804.7,8281,0.6273033999480924,0.020503503763301324,0.05372437062029587,0.18933408577878102,0.8106659142212189,0.231941309255079,0.7837641942498188
W02000246,Vale of Glamorgan 010,1206.2,5310,0.585672392124005,0.007121910347716799,0.03770423125261835,0.08780903665814152,0.9121909633418585,0.11196253724989357,0.809811320754717
W02000247,Vale of Glamorgan 011,352.1,8679,0.5695488721804511,0.007250268528464017,0.07438238453276047,0.13871308016877637,0.8612869198312236,0.15084388185654007,0.8105772554441756
W02000248,Vale of Glamorgan 012,6731.5,10647,0.5624222314392369,0.025922853587722935,0.11177934467026131,0.2775891341256367,0.7224108658743633,0.23323429541595925,0.7669519420671495
W02000249,Vale of Glamorgan 013,5769.8,8762,0.5623100303951368,0.022036474164133738,0.0972644376899696,0.2536812193231723,0.7463187806768277,0.23688969258589512,0.7516541181838923
W02000250,Vale of Glamorgan 014,367.7,11626,0.5916696980720262,0.009639869043288469,0.04947253546744271,0.1091396740251702,0.8908603259748298,0.16192244224422442,0.8198144010998454
W02000251,Vale of Glamorgan 015,1999.2,11037,0.5385197804277873,0.014953624834374409,0.07136096914631838,0.215904725316942,0.7840952746830581,0.19227814060699194,0.7983512999365885
W02000367,Cardiff 001,705.7,6095,0.45791128187216207,0.010478519035976248,0.052043311212015365,0.08036421219319081,0.9196357878068092,0.07521773555027712,0.8583852970134559
W02000368,Cardiff 002,4433.7,5700,0.49055330634278005,0.02766531713900135,0.05060728744939271,0.11362733412793008,0.88637266587207,0.1183009130607384,0.8495963495963496
W02000369,Cardiff 003,1216.7,9793,0.5137170521785906,0.027972027972027972,0.03550295857988166,0.0814299900695134,0.9185700099304865,0.09260178748758689,0.8849412965798877
W02000370,Cardiff 004,1289,6542,0.4931740614334471,0.01911262798634812,0.05255972696245734,0.12776831345826234,0.8722316865417377,0.11754684838160136,0.8283969465648855
W02000371,Cardiff 005,3320.4,9102,0.4899927658548348,0.035929587653725586,0.09187364359778152,0.234130859375,0.765869140625,0.20478398828411032,0.7892770819600088
W02000372,Cardiff 006,1191.6,8285,0.45104895104895104,0.007242757242757243,0.04595404595404595,0.08151033862750974,0.9184896613724902,0.0851063829787234,0.8805213613323678
W02000373,Cardiff 007,4801,6995,0.5713274336283186,0.09168141592920354,0.08495575221238938,0.31482124262408884,0.6851787573759112,0.3037886687521724,0.7575757575757576
W02000374,Cardiff 008,2883,5897,0.45407962160031534,0.02798581001182499,0.05163579030350808,0.09621245102307358,0.9037875489769265,0.09747606614447346,0.8538696537678208
W02000375,Cardiff 009,3452.8,7317,0.5765589291544237,0.0910871694417238,0.07051909892262488,0.22214435879467415,0.7778556412053259,0.22950245269796776,0.7897758337889557
W02000376,Cardiff 010,1011.4,6656,0.45319561007101355,0.029696578437701744,0.08069722401549387,0.2051109616677875,0.7948890383322125,0.18190988567585742,0.8151651651651651
W02000377,Cardiff 011,1014.2,7785,0.5620553359683794,0.04953886693017128,0.04769433465085639,0.1439299123904881,0.8560700876095119,0.18667917448405252,0.8117934224049332
W02000378,Cardiff 012,4486.6,7488,0.43753581661891117,0.021203438395415473,0.08424068767908309,0.13840279987273305,0.8615972001272669,0.11167674196627426,0.8461743891040192
W02000379,Cardiff 013,5981.1,6466,0.5910746812386156,0.10245901639344263,0.07285974499089254,0.3192887514495555,0.6807112485504445,0.3558732612055641,0.7535559678416821
W02000380,Cardiff 014,297.1,7899,0.51889035667107,0.014002642007926024,0.035402906208718624,0.0647748303516348,0.9352251696483652,0.09996914532551682,0.8590587044534413
W02000381,Cardiff 015,3098.2,6524,0.618560338743825,0.08786167960479888,0.07515878616796048,0.28601921024546423,0.7139807897545357,0.2584549661801353,0.7672638187107641
W02000382,Cardiff 016,4858.4,5969,0.5985948477751757,0.09508196721311475,0.07822014051522248,0.3215460526315789,0.678453947368421,0.3497739416358405,0.729693518673589
W02000383,Cardiff 017,6046.1,7493,0.5696869851729819,0.10873146622734761,0.070840197693574955,0.28938081488610845,0.7106191851138915,0.27357280307889675,0.764768635818109
W02000384,Cardiff 018,2881.4,5703,0.41214285714285714,0.013571428571428571,0.115,0.12148724600086468,0.8785127539991353,0.10462602680501513,0.8585220291381429
W02000385,Cardiff 019,3455,6890,0.4592833876221498,0.018458197611292075,0.07129931234165762,0.12042745581586518,0.8795725441841348,0.11755034936292642,0.8634117988956699
W02000386,Cardiff 020,4351.3,7588,0.41335268505079825,0.019448476052249638,0.1018867924528302,0.16461916461916462,0.8353808353808354,0.13157085766984322,0.8183256427158866
W02000387,Cardiff 021,5434.8,5898,0.40356622998544395,0.030203784570596796,0.1299126637554585,0.14716825134353037,0.8528317486564696,0.12277800744109137,0.8374534371825263
W02000388,Cardiff 022,2145.2,5805,0.5724824787901144,0.043895241608262636,0.07266691257838435,0.1783625730994152,0.8216374269005848,0.20050125313283207,0.781896551724138
W02000389,Cardiff 023,4233.7,8436,0.4693717277486911,0.03324607329842932,0.13638743455497382,0.24691003161828112,0.7530899683817189,0.23943661971830985,0.7759050445103858
W02000390,Cardiff 024,3583,6236,0.48647589180713446,0.020776166209329674,0.07095256762054096,0.14491525423728813,0.8550847457627119,0.11572700296735905,0.83125
W02000391,Cardiff 025,7414,9422,0.340197461212976,0.04851904090267983,0.24005641748942172,0.26772908366533865,0.7322709163346613,0.14780876494023903,0.8819968135953266
W02000392,Cardiff 026,3436,8775,0.41061860691670726,0.01826595226497808,0.07988309790550414,0.14737962223995743,0.8526203777600425,0.1154562383612663,0.8434723171565277
W02000393,Cardiff 027,4258.4,6647,0.5391860073999327,0.07568113017154389,0.07803565422132526,0.2779089376053963,0.7220910623946037,0.2353139770425388,0.7864779400692666
W02000394,Cardiff 028,9720.6,9565,0.31485849056603776,0.04540094339622641,0.26798349056603776,0.31994507380707177,0.6800549261929283,0.13285272914521112,0.8988188564858367
W02000395,Cardiff 029,4108.7,6664,0.35366958622772576,0.035940803382663845,0.11386288130474177,0.24691358024691357,0.7530864197530864,0.1443758573388203,0.8378540386632699
W02000396,Cardiff 030,10626.3,7528,0.2979876160990712,0.0348297213622291,0.21155830753353974,0.312221841834988,0.687778158165012,0.1499486477233824,0.8624268227780735
W02000397,Cardiff 031,4279.3,6440,0.5585991678224688,0.06102635228848821,0.08009708737864078,0.2801235839340886,0.7198764160659115,0.2584963954685891,0.7462245056827028
W02000398,Cardiff 032,5162.6,12263,0.2623635195889531,0.04849068721901092,0.28580603725112397,0.4914004914004914,0.5085995085995086,0.13899969315741026,0.9100555011426705
W02000399,Cardiff 033,11677.7,10766,0.25814995925020373,0.055623471882640586,0.2514262428687857,0.48344094980212454,0.5165590501978754,0.20833333333333334,0.8219330855018587
W02000400,Cardiff 034,3311.6,6289,0.28044280442804426,0.021876647337901952,0.16736953083816553,0.2710250714059029,0.7289749285940971,0.10832274459974588,0.8576648133439237
W02000401,Cardiff 035,6638,5941,0.37026239067055394,0.03304178814382896,0.11078717201166181,0.22164373373001114,0.7783562662699889,0.13945704722945332,0.8401549604177194
W02000402,Cardiff 036,10882.1,11603,0.30265526552655264,0.07358235823582358,0.2554005400540054,0.48114813913889565,0.5188518608611044,0.2731031128404669,0.8012058570198105
W02000403,Cardiff 037,2491.7,7787,0.4913056292366637,0.06955496610669025,0.14264662540524609,0.32482313134420177,0.6751768686557982,0.2726153846153846,0.7821286429580178
W02000404,Cardiff 038,3646.2,6345,0.3542384562370779,0.05444521019986216,0.18366643694004134,0.40502793296089384,0.5949720670391061,0.2871114215857492,0.7579908675799086
W02000405,Cardiff 039,6226.9,7818,0.5441607367099205,0.15194642109669318,0.11636668061950607,0.4138507862161258,0.5861492137838742,0.4074322062269836,0.7438228139802843
W02000406,Cardiff 040,4616.5,10195,0.3620493358633776,0.03643263757115749,0.14174573055028464,0.2741093714545042,0.7258906285454958,0.18152938506920807,0.8317811979217724
W02000407,Cardiff 041,3655.8,6647,0.560530679933665,0.11691542288557213,0.11774461028192372,0.33869158878504674,0.6613084112149533,0.33981308411214955,0.7350594610868584
W02000408,Cardiff 042,10666.2,7460,0.33043478260869563,0.06215780998389694,0.26344605475040256,0.47596950613191913,0.5240304938680809,0.2733001658374793,0.7943975338426484
W02000409,Cardiff 043,3957.8,6076,0.56501677852349,0.08179530201342282,0.07927852348993289,0.27584876543209874,0.7241512345679012,0.2822393822393822,0.7780704642739545
W02000410,Cardiff 044,11230.5,8642,0.36057561770295954,0.05457507466739071,0.2503393972305186,0.3684895833333333,0.6315104166666666,0.22916666666666666,0.8177300046232086
W02000411,Cardiff 045,4365.6,6596,0.6098586167367215,0.08253725640045854,0.09361864730607566,0.289627465303141,0.710372534696859,0.3476990504017531,0.7300697180963929
W02000412,Cardiff 046,3586.7,6878,0.4030560271646859,0.052971137521222414,0.16570458404074703,0.3309248554913295,0.6690751445086706,0.26750902527075815,0.7810272079150298
W02000422,Cardiff 048,1430.7,7388,0.3161559888579387,0.025467568643056108,0.1243533625149224,0.25219454329774615,0.7478054567022538,0.0804270462633452,0.897265836491608
W02000423,Cardiff 049,4972,10027,0.29007794396460923,0.039603960396039604,0.19148936170212766,0.3760379596678529,0.6239620403321471,0.1893238434163701,0.8218522580001993
W02000252,Rhondda Cynon Taf 001,112.2,9184,0.7351824817518248,0.03182481751824817,0.039708029197080295,0.2427332993370729,0.7572667006629271,0.3143804181540031,0.723904990193942
W02000253,Rhondda Cynon Taf 002,645.4,6768,0.6569885212694125,0.02363268062120189,0.07933828494260635,0.23034076015727392,0.7696592398427261,0.24115334207077327,0.7397665139648293
W02000254,Rhondda Cynon Taf 003,612.6,7944,0.6690625935908955,0.01766996106618748,0.07637017070979335,0.22585227272727273,0.7741477272727273,0.24602272727272728,0.7605988174613159
W02000255,Rhondda Cynon Taf 004,619.3,6912,0.6712141882673943,0.018758526603001365,0.04911323328785812,0.2019607843137255,0.7980392156862746,0.25359477124183005,0.7637179672795714
W02000256,Rhondda Cynon Taf 005,594,10003,0.6968838526912181,0.03659112370160529,0.07625118035882908,0.26596928555530824,0.7340307144446917,0.27732027598486536,0.7457559416816457
W02000257,Rhondda Cynon Taf 006,603.6,7253,0.6888962987662555,0.020340113371123708,0.06768922974324774,0.26634382566585957,0.7336561743341404,0.2820823244552058,0.740791833356325
W02000258,Rhondda Cynon Taf 007,265.1,5691,0.6962083142987665,0.02923709456372773,0.07903152124257652,0.31352380952380954,0.6864761904761905,0.312,0.708501314636284
W02000259,Rhondda Cynon Taf 008,2695.9,5748,0.7046279491833031,0.025408348457350273,0.09800362976406533,0.3100328947368421,0.6899671052631579,0.3199013157894737,0.724
W02000260,Rhondda Cynon Taf 009,425.2,5686,0.7024090694378838,0.0538497874350496,0.08171941426547001,0.3119230769230769,0.688076923076923,0.33384615384615385,0.6984015457579483
W02000261,Rhondda Cynon Taf 010,574.1,7646,0.6661456705220381,0.014066895904970303,0.10409502969678025,0.2408500590318772,0.7591499409681228,0.2550930026572188,0.7427114655510524
W02000262,Rhondda Cynon Taf 011,915,5297,0.6863775733683749,0.015330705212439772,0.08585194918966273,0.2332065906210393,0.7667934093789607,0.24493243243243243,0.7683018867924528
W02000263,Rhondda Cynon Taf 012,696.3,6381,0.6849166062364032,0.03154459753444525,0.052574329224075414,0.22872727272727272,0.7712727272727272,0.2807272727272727,0.7623902132998746
W02000264,Rhondda Cynon Taf 013,827.6,5727,0.7135813536530704,0.053339309726580006,0.07261317794710892,0.29891304347826086,0.7010869565217391,0.3048543689320388,0.7295740223463687
W02000265,Rhondda Cynon Taf 014,889.5,9194,0.7088772845953003,0.028720626631853787,0.07702349869451697,0.2682440846824408,0.7317559153175591,0.3033623910336239,0.7263925152306353
W02000266,Rhondda Cynon Taf 015,346.3,7495,0.6874409820585458,0.04123386842933585,0.03808624488511174,0.22802704363859866,0.7719729563614014,0.2922935216456862,0.7440960640426951
W02000267,Rhondda Cynon Taf 016,770.8,6333,0.7265336289726534,0.037694013303769404,0.07095343680709534,0.25646551724137934,0.7435344827586207,0.2798132183908046,0.757614012939877
W02000268,Rhondda Cynon Taf 017,916.2,8910,0.6702262903635902,0.02949402491736588,0.059496567505720827,0.2616593028964163,0.7383406971035837,0.2707412862052037,0.7425176549714158
W02000269,Rhondda Cynon Taf 018,1151.6,8195,0.7172214182344429,0.027206946454413895,0.06685962373371925,0.25308641975308643,0.7469135802469136,0.3012352610892757,0.7280048810250153
W02000270,Rhondda Cynon Taf 019,1028,6588,0.6265903307888041,0.02544529262086514,0.060432569974554706,0.18221771467207573,0.8177822853279243,0.1945945945945946,0.7804397270659591
W02000271,Rhondda Cynon Taf 020,1542.5,5460,0.7127853881278539,0.036986301369863014,0.05251141552511415,0.29228905934598304,0.707710940654017,0.3278159063383125,0.7280234905487245
W02000272,Rhondda Cynon Taf 021,803.3,9923,0.5761343804537522,0.02530541012216405,0.06522687609075044,0.2201669298443492,0.7798330701556508,0.1951274531919693,0.7708438350640185
W02000273,Rhondda Cynon Taf 022,1414.3,10422,0.5738375063873276,0.04522227899846704,0.08916709248850281,0.3292894280762565,0.6707105719237435,0.28101015102748206,0.7798446639179212
W02000274,Rhondda Cynon Taf 023,644.6,10179,0.72780816154817,0.02923853596970972,0.0370214556163231,0.18461538461538463,0.8153846153846154,0.2641192021148762,0.7601494151184508
W02000275,Rhondda Cynon Taf 024,408.7,6057,0.7219350073855244,0.03212703101920236,0.03877400295420975,0.21460843373493976,0.7853915662650602,0.2736168611215657,0.7461576598909271
W02000276,Rhondda Cynon Taf 025,972.7,6511,0.6420391577391947,0.026597709641669746,0.039157739194680456,0.15958952583156405,0.840410474168436,0.18471337579617833,0.7903795912094668
W02000277,Rhondda Cynon Taf 026,611.2,6946,0.5824443767144163,0.024992380371837854,0.059128314538250536,0.20169385194479297,0.798306148055207,0.22176913425345043,0.7672140593488909
W02000278,Rhondda Cynon Taf 027,818.7,8939,0.6147451323561584,0.01334500109385255,0.02165828046379348,0.06681330767115755,0.9331866923288424,0.10845689181768259,0.860145332588038
W02000279,Rhondda Cynon Taf 028,1291,7743,0.6954287259940493,0.026778469028942386,0.034081687855017584,0.15152439024390243,0.8484756097560976,0.212934716290421,0.791779759596743
W02000280,Rhondda Cynon Taf 029,408.7,9581,0.640848026868178,0.01112510495382032,0.03589420654911839,0.10842132371877414,0.8915786762812259,0.15812516095802215,0.8236031331592689
W02000281,Rhondda Cynon Taf 030,632,7459,0.5910138248847926,0.015264976958525345,0.06826036866359447,0.15646050214329454,0.8435394978567055,0.18064911206368647,0.7993835432859823
W02000282,Rhondda Cynon Taf 031,601.2,11463,0.5896428571428571,0.01107142857142857,0.03553571428571429,0.1021437578814628,0.8978562421185372,0.14252680260668488,0.8322135939272315
W02000290,Caerphilly 001,396,8539,0.7273273273273273,0.026726726726726727,0.06156156156156156,0.2879217100180273,0.7120782899819728,0.3397733127253993,0.6965016965016965
W02000291,Caerphilly 002,241.8,7089,0.7419024889191954,0.027616774633481077,0.04875554040231844,0.2719382835101254,0.7280617164898746,0.32412463861227114,0.7113023846479469
W02000292,Caerphilly 003,1318.1,5815,0.7012324691882703,0.022099447513812154,0.0577985550361241,0.2634920634920635,0.7365079365079366,0.32473203652242955,0.7208583690987125
W02000293,Caerphilly 004,2214.7,6043,0.6624947851481018,0.014184397163120567,0.07759699624530664,0.2747005988023952,0.7252994011976048,0.30142109199700823,0.7192517795067042
W02000294,Caerphilly 005,301.7,5601,0.6602510460251046,0.010878661087866108,0.040585774058577405,0.15852649006622516,0.8414735099337748,0.23955316508067853,0.7607142857142857
W02000295,Caerphilly 006,616,9509,0.7022675736961451,0.015192743764172336,0.05056689342403628,0.1414398371915543,0.8585601628084457,0.2030017807173747,0.7817818869510401
W02000296,Caerphilly 007,2458.7,7395,0.706264199935086,0.016553067185978577,0.0694579681921454,0.2245906703738029,0.7754093296261971,0.2962619709607661,0.7258217232517246
W02000297,Caerphilly 008,621,7488,0.6814882032667876,0.014216575922565033,0.04506957047791894,0.19027093596059114,0.8097290640394089,0.27185960591133007,0.7437232905982906
W02000298,Caerphilly 009,1958.6,7147,0.6430741190765492,0.011543134872417983,0.05984204131227217,0.1629139072847682,0.8370860927152318,0.21291390728476822,0.7843247025892233
W02000299,Caerphilly 010,601.9,6241,0.6714774022028105,0.030003797949107482,0.053171287504747436,0.19610723466764599,0.803892765332354,0.23723834006610356,0.7544478281775926
W02000300,Caerphilly 011,1457.7,8379,0.6835795929746306,0.016727069974909393,0.05408419291887371,0.1832082290797887,0.8167917709202113,0.23130386433138728,0.7592747226529882
W02000301,Caerphilly 012,826.8,7932,0.6486559869671463,0.010317675807765408,0.04805864784143361,0.16819852941176472,0.8318014705882353,0.23774509803921567,0.7700163913756147
W02000302,Caerphilly 013,577.4,9951,0.6349381625441696,0.012809187279151944,0.05543286219081272,0.16006485985638175,0.8399351401436183,0.19759091962010655,0.7795742116890942
W02000303,Caerphilly 014,382.9,7112,0.6313497822931785,0.03134978229317852,0.04818577648766328,0.16069142125480154,0.8393085787451985,0.2130727330983659,0.7839358559572374
W02000304,Caerphilly 015,308,5493,0.6879129420909444,0.027205596579867857,0.05363389040031092,0.1943069306930693,0.8056930693069307,0.2443252166735452,0.7597745044553555
W02000305,Caerphilly 016,2236.4,6152,0.6803013993541442,0.02834589163975601,0.0545389307499103,0.2083941605839416,0.7916058394160584,0.23329682365826945,0.7561452059254435
W02000306,Caerphilly 017,990.2,5096,0.6650675970344527,0.028347143480157,0.06367204535542957,0.22325581395348837,0.7767441860465116,0.24397463002114164,0.7465093411996067
W02000307,Caerphilly 018,488.8,6505,0.6677361853832442,0.061319073083778965,0.04634581105169341,0.2481094706517825,0.7518905293482175,0.26954954954954957,0.7604486785494776
W02000308,Caerphilly 019,1152.1,8780,0.647089807742955,0.03107716618382934,0.04134843297340005,0.2,0.8,0.25891677675033026,0.7562143671607754
W02000309,Caerphilly 020,610.1,6770,0.600468854655057,0.02578700602813128,0.0884125920964501,0.20048143053645118,0.7995185694635488,0.24037138927097662,0.7637062213684055
W02000310,Caerphilly 021,161.8,5285,0.5691489361702128,0.022606382978723406,0.047872340425531915,0.19145146927871773,0.8085485307212823,0.22039180765805877,0.7918321043675554
W02000311,Caerphilly 022,3077.7,9773,0.5865407891551683,0.02638586298717018,0.09755507141128056,0.2574575493345571,0.7425424506654429,0.24965580541532814,0.7558829547779824
W02000312,Caerphilly 023,2982.6,7227,0.6056999686814908,0.017225180081428124,0.06044472283119324,0.19457735247208932,0.8054226475279107,0.24242424242424243,0.7520398285161112
W02000313,Caerphilly 024,1167.1,10630,0.5295908658420552,0.01065651760228354,0.05080875356803045,0.14983202687569988,0.8501679731243001,0.14519381581895585,0.821519344817848
W02000314,Blaenau Gwent 001,802,6616,0.7835051546391752,0.011782032400589101,0.053387334315169364,0.2075085324232082,0.7924914675767918,0.2552901023890785,0.737469806763285
W02000315,Blaenau Gwent 002,901.3,5248,0.7660869565217391,0.01391304347826087,0.07478260869565218,0.24061081304168386,0.7593891869583161,0.26867519603796947,0.7358490566037735
W02000316,Blaenau Gwent 003,380.6,6663,0.7534197264218863,0.012239020878329733,0.05939524838012959,0.22286492004083022,0.77713507995916975,0.29768392370572205,0.7250750750750751
W02000317,Blaenau Gwent 004,1507.2,7788,0.7633187772925765,0.010771470160116448,0.06812227074235808,0.2074375363160953,0.7925624636839047,0.26982282892826026,0.7548478232952357
W02000318,Blaenau Gwent 005,595,9102,0.8040912667191188,0.015211119853134015,0.04746918436926305,0.2141439205955335,0.7858560794044666,0.3037220843672457,0.7310102231504891
W02000319,Blaenau Gwent 006,569.9,8072,0.7503554165481945,0.013647995450668183,0.05715098094967302,0.24652504589562024,0.7534749541043797,0.2835038027799633,0.7337871287128713
W02000320,Blaenau Gwent 007,495.9,8131,0.7483801295896328,0.014578833693304536,0.074244060475162,0.23041599135602378,0.7695840086439762,0.25546853902241423,0.7633747386545321
W02000321,Blaenau Gwent 008,594.9,8618,0.7212006489994591,0.022714981070849107,0.09248242293131423,0.25805626598465475,0.7419437340153453,0.2959079283887468,0.7351677696505283
W02000322,Blaenau Gwent 009,571.2,6668,0.7459478505990134,0.0204369274136716,0.05250176180408739,0.23596574690770694,0.764034253092293,0.31557247066286076,0.714178544636159
W02000323,Torfaen 001,337.6,6023,0.7293233082706767,0.027700831024930747,0.06846062524732885,0.2174721189591078,0.7825278810408922,0.2572490706319703,0.7613031914893617
W02000324,Torfaen 002,284.4,7042,0.7616161616161616,0.03265993265993266,0.02255892255892256,0.1827956989247312,0.8172043010752689,0.269670477471419,0.7524850894632207
W02000325,Torfaen 003,1274.4,7349,0.7255035848412428,0.03414134516899966,0.05565039262546944,0.2494286647078028,0.7505713352921972,0.28245270711024134,0.7435303731953147
W02000326,Torfaen 004,453.7,8867,0.6790281329923273,0.024552429667519183,0.0649616368286445,0.20690517888416313,0.7930948211158368,0.26176176176176175,0.7328373351369631
W02000327,Torfaen 005,515.1,5894,0.6847524752475248,0.010297029702970298,0.03445544554455446,0.12304832713754647,0.8769516728624536,0.1705685618729097,0.7898218829516539
W02000328,Torfaen 006,2320.5,7474,0.6932447397563677,0.019933554817275746,0.048726467331118496,0.13650306748466257,0.8634969325153374,0.18067484662576688,0.7886081026875251
W02000329,Torfaen 007,1329.1,8052,0.6309365879543646,0.016184664367206156,0.08463783496948793,0.22310305775764439,0.7768969422423556,0.25049532974808947,0.7681913970497087
W02000330,Torfaen 008,1687,7080,0.6583629893238434,0.021028793270786154,0.06988029763830475,0.1994459833795014,0.8005540166204986,0.20313942751615882,0.7734143240570702
W02000331,Torfaen 009,4223.9,6472,0.6780582524271844,0.03495145631067961,0.07611650485436894,0.2650375939849624,0.7349624060150376,0.31529500187899284,0.7383379672536299
W02000332,Torfaen 010,2316.6,7644,0.6565122785203605,0.022070251787379546,0.09605222256760958,0.3013501867279517,0.6986498132720482,0.3030738293593795,0.7251928356647928
W02000333,Torfaen 011,1562,6242,0.6537396121883656,0.02458448753462604,0.045013850415512466,0.15602294455066923,0.8439770554493308,0.20917782026768642,0.7811248197404262
W02000334,Torfaen 012,507.6,6588,0.6360985093972781,0.013609850939727802,0.03791315618924174,0.1245995016019936,0.8754004983980064,0.18362989323843418,0.7953234133009414
W02000335,Torfaen 013,684.8,7536,0.5823496346261945,0.00927487352445194,0.048060708263069137,0.1410375893134514,0.8589624106865487,0.1636080870917574,0.8138855701579716
W02000336,Monmouthshire 001,58.5,8485,0.5136527563111798,0.004121586810922205,0.11257083977331273,0.1626280289782663,0.8373719710217337,0.13739695228578566,0.7979952830188679
W02000337,Monmouthshire 002,3169.2,7638,0.6281229980781551,0.0064061499039077515,0.13292761050608584,0.22392725206024439,0.7760727479397556,0.24893435635123615,0.7547762365872808
W02000338,Monmouthshire 003,151.7,8528,0.6291016675632061,0.005917159763313609,0.04195804195804196,0.10730655163116742,0.8926934483688326,0.14797843665768193,0.7958920187793427
W02000339,Monmouthshire 004,396.9,11044,0.5568372483221476,0.004823825503355705,0.14995805369127516,0.15918611609814481,0.8408138839018552,0.16816277678037103,0.8046528469267674
W02000340,Monmouthshire 005,27.9,7130,0.48595090209997044,0.00354924578527063,0.031055900621118012,0.06472919418758256,0.9352708058124174,0.1254125412541254,0.8110644257703081
W02000341,Monmouthshire 006,63.4,8310,0.5296286542006847,0.004213853041875165,0.04240189623386884,0.08216094541361846,0.9178390545863815,0.11986494091164884,0.8080115481775533
W02000342,Monmouthshire 007,71.8,9361,0.47411444141689374,0.0029518619436875566,0.042461398728428704,0.05879358615423772,0.9412064138457623,0.08252674477840041,0.8472222222222222
W02000343,Monmouthshire 008,2093.7,8178,0.5946686596910812,0.007473841554559043,0.11684105630293971,0.19353998437092992,0.8064600156290701,0.19202709744658678,0.7923396965247186
W02000344,Monmouthshire 009,122.3,8506,0.5293551491819056,0.004571703561116458,0.04066410009624639,0.06780610815354442,0.9321938918464556,0.10397982062780269,0.8398166647079562
W02000345,Monmouthshire 010,2319.2,8029,0.6379457917261055,0.005991440798858773,0.09415121255349501,0.19105922551252846,0.8089407744874715,0.21554669703872437,0.7767957176646334
W02000346,Monmouthshire 011,325.3,7746,0.5555283157636676,0.0029418975239029173,0.036773719048786464,0.08825338253382534,0.9117466174661747,0.11592865928659286,0.8467304212974929
W02000347,Newport 001,571.7,7970,0.5473972602739726,0.01726027397260274,0.04410958904109589,0.13993755322168605,0.8600624467783139,0.13588652482269503,0.8111905658010288
W02000348,Newport 002,3670.6,7605,0.6343926343926344,0.023166023166023165,0.06118206118206118,0.19603658536585367,0.8039634146341463,0.18963414634146342,0.7714060239379192
W02000349,Newport 003,1615.1,8294,0.6578947368421053,0.06110102843315184,0.07471264367816093,0.34510712217718587,0.6548928778228141,0.341534008683068,0.7304075235109718
W02000350,Newport 004,141.8,9940,0.5800238284352661,0.010524225575853852,0.03196981731532963,0.0825665257398657,0.9174334742601343,0.1310619248943049,0.8443618837232654
W02000351,Newport 005,4701.3,6275,0.6612105062809288,0.02588503996954701,0.04529881994670727,0.2587101556708673,0.7412898443291327,0.2475908080059303,0.7718067293892521
W02000352,Newport 006,3391.4,6796,0.5484084880636605,0.03050397877984085,0.11571618037135278,0.29622132253711203,0.703778677462888,0.2304318488529015,0.7668531056814837
W02000353,Newport 007,4497.8,7220,0.5784259768849752,0.023665382498624106,0.09686296092460099,0.2084543401097128,0.7915456598902871,0.17430600387346676,0.8113050706566916
W02000354,Newport 008,3914.6,5797,0.6444704049844237,0.02570093457943925,0.04789719626168224,0.22467986030267753,0.7753201396973225,0.23214285714285715,0.7567334254143646
W02000355,Newport 009,1307.1,10237,0.5379324296985636,0.008699170544203924,0.025288286465709083,0.09733632063729152,0.9026636793627085,0.11346105996516546,0.8500683727290487
W02000356,Newport 010,3192.8,5270,0.6747049769112365,0.04771677783478707,0.09543355566957414,0.36698113207547167,0.6330188679245283,0.38018867924528305,0.7236142748671223
W02000357,Newport 011,8133.2,8273,0.5855094726062468,0.031746031746031744,0.10317460317460317,0.2726726726726727,0.7273273273273273,0.22912912912912914,0.794494083554697
W02000358,Newport 012,2032.7,6490,0.4699066623752816,0.014161570646926296,0.05632442870936595,0.13928304705003733,0.8607169529499626,0.12738139708629062,0.8390131071703932
W02000359,Newport 013,7369.7,11804,0.5757739380849533,0.038876889848812095,0.1236501079913607,0.26385281385281384,0.7361471861471861,0.21493506493506492,0.8202608842961207
W02000360,Newport 014,4255.7,6781,0.42250324254215305,0.058365758754863814,0.17639429312581065,0.4018453706649698,0.5981546293350303,0.25771555838370985,0.7556014150943396
W02000361,Newport 015,781.4,11770,0.6449864498644986,0.027874564459930314,0.09814169570267131,0.224771616741024,0.775228383258976,0.24421320874920366,0.7848338009011306
W02000362,Newport 016,1914.3,6985,0.5430786904078116,0.014072372199885124,0.030729465824238942,0.1305933046072257,0.8694066953927743,0.1561153463705668,0.82168433113721
W02000363,Newport 017,2627,5776,0.5981198589894242,0.027810419114766942,0.09048178613396005,0.2703220858895706,0.7296779141104295,0.23811349693251535,0.759515570934256
W02000364,Newport 018,1681.4,9288,0.5293472298409215,0.047174986286341196,0.16127262753702687,0.36023391812865496,0.639766081871345,0.2919836161497952,0.7855989667420084
W02000365,Newport 019,3582.1,8588,0.5981308411214953,0.02883845126835781,0.08731642189586115,0.2664349840718216,0.7335650159281784,0.26469736461048365,0.7899463494285048
W02000366,Newport 020,179.7,8433,0.5372663814456203,0.01058320198153569,0.03467687457779779,0.06554419723391461,0.9344558027660854,0.10546875,0.8501779359430605
W02000097,Powys 001,17.6,9308,0.5655923740354063,0.0020426690876078077,0.05923740354062642,0.07105847520355292,0.9289415247964471,0.14236368122378484,0.822967021162316
W02000098,Powys 002,52,6265,0.6640951462552234,0.0032144005143040825,0.03471552555448409,0.07242136064374542,0.9275786393562546,0.13606437454279444,0.8165415934855501
W02000099,Powys 003,170.2,6633,0.5992076592934962,0.00231099372730274,0.2093100033014196,0.2468811556139199,0.7531188443860801,0.22857142857142856,0.7661594093717041
W02000100,Powys 004,12.2,6205,0.4944313196085049,0.010462369220384746,0.1110361120485994,0.13919544321822713,0.8608045567817729,0.17230331078675684,0.7830917874396135
W02000101,Powys 005,43.3,5533,0.6499815973500184,0.004048582995951417,0.03827751196172249,0.06809890555330361,0.9319010944466964,0.13092825293879207,0.8178532706902782
W02000102,Powys 006,23.4,6147,0.6114797611147976,0.003981420039814201,0.0378234903782349,0.07715244129705554,0.9228475587029444,0.15579575102497203,0.8080611084024053
W02000103,Powys 007,30.5,5795,0.6198260869565217,0.0052173913043478265,0.05182608695652174,0.059037606146380914,0.9409623938536191,0.13228155339805825,0.8100828729281768
W02000104,Powys 008,267.3,6193,0.5972708187543737,0.004198740377886634,0.20258922323303008,0.24093178036605659,0.7590682196339434,0.19627411842980705,0.7757702855299242
W02000105,Powys 009,1324.4,5162,0.6199095022624435,0.007692307692307693,0.2316742081447964,0.2681564245810056,0.7318435754189944,0.26337831549557933,0.7638404955478126
W02000106,Powys 010,17.6,6492,0.5731865284974094,0.0038860103626943004,0.09423575129533679,0.11310711909514305,0.886892880904857,0.15729963418689724,0.8106900800985829
W02000107,Powys 011,18.6,9770,0.5684916201117318,0.003798882681564246,0.09698324022346369,0.10137533274179236,0.8986246672582077,0.1532490574406742,0.785232153814686
W02000108,Powys 012,16.4,7220,0.5692848020434227,0.006385696040868455,0.07790549169859515,0.10060422960725075,0.8993957703927492,0.16435045317220545,0.7606434613784496
W02000109,Powys 013,441.3,5605,0.5462673223066608,0.004023245417970496,0.16763522574877068,0.22873481057898498,0.771265189421015,0.23222579492675954,0.7392391498481872
W02000110,Powys 014,11.7,6843,0.522972556275054,0.008017267961763799,0.08695652173913043,0.11407689863361932,0.8859231013663806,0.16132105430295332,0.7852025149875713
W02000111,Powys 015,26.1,8456,0.5236461651555991,0.001470227885322225,0.08968390100465572,0.10588829921657822,0.8941117007834218,0.12417804754678806,0.7960052003309301
W02000113,Powys 017,744.1,8242,0.5122853368560105,0.005812417437252312,0.2132100396301189,0.2034993270524899,0.7965006729475101,0.17016693591814755,0.8007750999152234
W02000114,Powys 018,29.1,6938,0.5287804878048781,0.0026016260162601626,0.06601626016260162,0.08195121951219513,0.9180487804878049,0.11150845253576072,0.827283203687698
W02000414,Powys 020,8.5,5983,0.49201596806387227,0.0029940119760479044,0.041916167664670656,0.05504587155963303,0.944954128440367,0.12232415902140673,0.8200801871032409
W02000416,Powys 021,61.8,10343,0.6921684019918515,0.009959257582616569,0.06609325486645541,0.15842866393265703,0.841571336067343,0.23397366717030002,0.7402647598801817
W02000284,Merthyr Tydfil 002,819.7,9356,0.7092282275194713,0.02501770120368185,0.08000944064196365,0.2525992438563327,0.7474007561436673,0.2660680529300567,0.7575887131252672
W02000285,Merthyr Tydfil 003,813.6,8333,0.6868475991649269,0.01722338204592902,0.049060542797494784,0.15877516302806918,0.8412248369719308,0.17560283687943262,0.7960628976113312
W02000286,Merthyr Tydfil 004,2080.2,6730,0.6368324125230203,0.039779005524861875,0.10644567219152855,0.37595829500153327,0.6240417049984667,0.31912936848559165,0.7176784919103458
W02000287,Merthyr Tydfil 005,952.1,8290,0.6700100300902708,0.020060180541624874,0.07447342026078235,0.192223439211391,0.8077765607886089,0.21571311251026554,0.7890738060781476
W02000288,Merthyr Tydfil 006,196.1,8072,0.7117750439367311,0.04130052724077329,0.04305799648506151,0.2581182348043297,0.7418817651956703,0.2868647597889475,0.7320633349826818
W02000289,Merthyr Tydfil 007,880.2,8680,0.6930395593390085,0.019779669504256383,0.04131196795192789,0.17229273561976777,0.8277072643802322,0.23291002431775196,0.7667319433245018
W02000415,Merthyr Tydfil 008,350.5,9356,0.6800810654313839,0.04748118123914302,0.09756803705848292,0.3495400788436268,0.6504599211563732,0.3611038107752957,0.7302265925609235
