domain_id,cov_pop_density,cov_share_work_home,cov_share_hh_withcar,cov_share_detached,cov_share_higher_managerial
W02000001,-0.7376706800625283,-0.49190803432835994,0.6341210992003975,1.047477168867737,-0.4460414781637474
W02000002,-0.7425955761014569,0.6547155999772916,1.0655298710504482,2.244159794396693,0.2707314060426003
W02000003,0.3972893823519929,-1.4675665375584526,-1.4390359627734837,-0.66359301499912,-1.2677414410114405
W02000004,-0.719189626885518,-0.17994042662410614,1.1042993880728813,1.7396821056833278,-0.1851578266304684
W02000005,-0.7187834498926168,0.4064894234640385,0.9280165162701389,1.4671501870888841,0.8423492336171139
W02000006,-0.6921788568575801,-0.8766115574974157,0.20505847075350714,0.6004034433001869,-0.48066522234638814
W02000007,-0.7347766689881063,-0.29720581782327987,0.9804034312718883,0.9263744946737291,-0.23367226443727818
W02000008,-0.3474361341325824,-0.13684929338991295,0.5917755064864714,0.8174201647350828,0.8097890812848237
W02000009,-0.7411739566263021,0.16808597247316037,1.2077753433536467,1.2690337655463997,0.26080089251111344
W02000010,0.810422156256751,-0.4177171747651048,-2.190014990325996,-1.0342065948394419,-1.1941069828982476
W02000011,-0.12718665973184007,-0.7409356007990924,-0.39431208924409467,-0.36780955968723045,0.1003685219346695
W02000012,-0.7328473282718251,-0.18972166762791437,0.43408725290104216,-0.12517377501057836,0.08522375203228356
W02000013,-0.6649142262090789,-0.01860635988364419,0.9832918303155406,0.2535736271587276,0.6972795486923392
W02000014,-0.7327457840235997,-0.08941358252836153,0.7385607295720137,0.4084531257702778,0.35385391979488534
W02000015,-0.06986493160864096,-0.656247226612999,-0.7058209268307852,-0.46037981587073734,-0.29086023722160276
W02000016,-0.730257949942079,-0.06344037624968801,0.35601824896063883,0.49455577245176274,0.16829599742935497
W02000017,-0.737112186697289,-0.2776303523311698,0.6854311859116818,0.37711618423290744,-0.2588397848193421
W02000018,-0.7552378350055104,-0.6859124597655939,-0.15130730792283015,-0.37975416741631557,-0.7071975631862472
W02000019,-0.7550855186331725,-0.311592119022764,0.28786801834386155,0.4609003063754663,-0.223903144481799
W02000020,-0.7459973084170054,-0.06602466010822854,0.8539571101565518,0.9857173491323797,-0.2026351338348622
W02000021,-0.7180218680309268,-0.5011445651455553,0.10205972596973836,0.274310845861308,-0.505771480259111
W02000022,-0.7537654434062433,0.028106629821818697,0.617488566414798,1.0172816939333154,-0.16235819317684277
W02000023,-0.7528515451722152,0.9545990631423115,1.1408029568160662,1.980520616190025,0.04096686740658249
W02000024,-0.7643768173457902,0.7206283020621812,0.6402414163488813,0.8800434087780663,-0.3003953813581983
W02000025,-0.7569640872253411,-0.09251804761938628,-0.16988905299997936,0.3773566955042206,-0.17130386262513886
W02000026,-0.7565579102324398,0.06973976908313166,0.24435335241494266,0.7376570174413244,-0.15579127523485206
W02000027,-0.12936986106868464,0.01257775731298992,-1.8677565691615596,-1.0006111502962738,-0.3145728621430452
W02000028,-0.07341898029652753,-1.0458236254130633,-0.7532327746230519,-0.07425544535445747,-0.28917078213536057
W02000029,-0.4245589906597211,-0.3425632433134114,1.039885290138336,0.9767295957818364,0.4009011571118298
W02000030,0.6818163658793696,-0.0981995642644442,-0.25900882167570605,-0.006342122997767501,0.43867253618880053
W02000031,-0.37150212096198576,-1.1640371849969804,0.4718959152357822,1.597781631787828,-0.8251523561446008
W02000032,0.06793061323313285,-0.18683735379677924,0.7526760735638839,0.8326802334884412,0.4678569371523658
W02000033,1.0244266593916354,-0.7387592220545288,-1.4290660525072314,-0.8998364210231327,-0.44412717489311015
W02000034,-0.28732193918318666,0.24583107321286138,0.31627592009869954,0.57074562603964,0.5789251534753249
W02000035,-0.4085149994401188,-0.5037678476395984,0.2704712467678369,0.11209605224655383,-0.34533141311701926
W02000036,-0.427148368989467,-0.7487991678117196,-0.002630326977481958,0.9558041765833288,-0.18520480885710702
W02000037,-0.6117050401390055,-0.7569801797951546,0.49876703935263367,-0.1352064315618994,-0.2504967789758749
W02000038,-0.7310703039278819,0.4470726044178264,0.557476947741578,0.31995497847576954,0.4174385882736624
W02000039,-0.6495302726029412,0.2918233463739404,0.1277261397762247,-0.12388007312537787,0.08895982620440224
W02000040,-0.7623967045053963,1.0184153164953555,1.4712325305116931,1.9843968679940722,0.12603023579466652
W02000041,-0.7598073261756504,0.30684327146629475,0.6967610049956033,0.7495074310697455,-0.13294313687581857
W02000042,0.8273800457103813,-0.9408791721150844,-0.06406126545222808,1.0703223958962782,-0.699601089054132
W02000043,-0.3585552293132561,-0.5765695566467991,-0.5694418835690193,0.41403767693499655,-0.2676942793582389
W02000044,0.5056878673325335,-0.8522237159867441,0.3828532005535078,1.172779382343192,-0.23197022449577914
W02000045,0.9511117121729467,-1.3183840095412762,-2.1408160945175148,-0.438001722844569,-1.1185903535457042
W02000047,0.7658950034099433,-1.8103505299650202,-1.8835482715628276,-1.033513256369388,-1.4013556678689423
W02000049,-0.7071566334708164,-0.09407530896139855,0.8894221737621053,1.064369737686555,0.3006781902700555
W02000050,-0.6628325691204595,-0.9399009831194044,0.6909741331930471,1.0836951128517336,0.13593990931430822
W02000051,-0.685375392226483,0.15294918895484233,0.6916049766411583,1.271520197528969,0.4067543696805821
W02000052,-0.6329785601422123,-0.9687254086346658,-0.9203467657424362,-0.2158529226874716,-0.6736133055175547
W02000053,-0.7442202840730621,-0.06721469861623663,1.0300873738594076,1.4118046394190387,0.16737717029271765
W02000054,-0.7500590783460186,1.1945124263675397,1.4615327622519159,1.8522995866643088,1.1578533550209882
W02000055,-0.41552155256766665,-0.48721022120326035,0.3857779271923158,0.5705513456964868,-0.0665507595937236
W02000056,-0.7551362907572852,0.6326611367362212,1.1759083125131047,1.5430735207714354,0.48619283919223283
W02000057,-0.7542731646473699,0.16632129408489352,0.41626031178424644,0.6402727740255656,0.2909687483549517
W02000419,1.35368388426227,-1.0956785952414787,0.13015644444143287,1.207451142683547,-0.6332918231072238
W02000058,-0.6893356179072708,-0.6017222228943305,0.892754542342672,0.8388204815560927,-0.18546942318891918
W02000059,-0.6765410426308792,-0.3124245681396496,0.7485329755795221,1.0461916209461621,0.15137544214771434
W02000060,-0.43481495973047946,-1.3722166879274051,-0.30024995800673226,-0.3177037123732937,-0.9499537153512919
W02000061,-0.438978273907718,-1.2960303349152542,-1.0558080592878427,-0.5434119683085441,-0.9248248367269812
W02000062,-0.42562520526608705,-0.7123366961489817,1.048149695668103,0.6486195842161125,-0.37946423960048925
W02000063,-0.7336596822576277,0.725669071169819,1.4413322927393322,1.76825169256554,0.9280963998695961
W02000064,-0.4743156722901331,-1.5081145437691634,-0.6273468367348176,-0.5424946472768071,-1.0652483564775939
W02000065,-0.22431373315936887,-0.7814848608941042,0.8744508737948286,0.11258852261539283,-0.4932944274726992
W02000066,-0.5458535951648786,-1.257422644614835,-0.7451670199709697,-0.6989306819390518,-0.8490822080774026
W02000067,-0.34159733985962587,0.10049254914279512,1.4053293204746389,1.9886177363045068,0.5448916088994429
W02000068,-0.4614703248896288,-0.9663689436899545,0.09363795037961319,-0.6109377542707455,-0.5157910406471302
W02000069,-0.556261880607975,0.5256851961616963,1.2834198435722668,1.277320705064485,0.9781010698312724
W02000070,-0.28737271130729924,0.5923309173941217,1.229320688754223,1.585912809311964,1.1948730086712192
W02000071,-0.23132028628691678,-0.26272037615164623,1.1698650564288415,0.9790324824272971,0.262041647237805
W02000072,-0.39678663877009307,-0.3439063781946535,0.5295869517557475,-0.26254860291768317,0.06519059827567418
W02000073,0.037975060006660295,-0.17639370715263883,0.021224621345180945,0.38326381919245006,0.2665527463948684
W02000074,0.11855042097346023,-0.5061291676178902,0.318295583619412,0.24284105621531255,-0.2563201682507471
W02000075,-0.5858620289656589,0.8369544532902847,1.4772989574071205,1.5704440764994905,1.4617630051795476
W02000076,-0.697662246261748,0.19345299667743518,1.1703364031223784,1.2233989861814598,0.694434745664902
W02000077,-0.6777595736095832,-0.15149815084566623,0.9607512140231853,0.9075042496954617,0.7620246389852687
W02000080,-0.17567403825943548,-1.058571871927593,0.3599243146027248,-0.3891939001491796,-0.6332702072591812
W02000081,0.007207152794385139,-0.9360977137098724,0.11304246895838481,0.05452827233816961,-0.5672824005176944
W02000082,0.060010161871557104,-1.0775394064192523,0.19482709630399248,-0.13465428771731214,-0.6364797130153858
W02000083,-0.41298294636203337,-0.930918603886998,0.3562076383641324,-0.15076064897759028,-0.42504955198416444
W02000085,0.890845200851213,-0.906085322728582,-0.12066896625106083,0.08211247922070641,-0.05003743929640556
W02000087,1.7136582442210673,-2.0473909652295594,-2.503187987680926,-1.1102328228595684,-1.5446148009679166
W02000088,0.2878754548891991,-1.1434829760207017,-0.8996315743398209,-0.30950112251730805,-0.028803305523384618
W02000089,1.308801326546674,-1.7419962124308315,-1.5171074942563318,-0.7833707065507004,-1.0661610336874026
W02000090,-0.6846645824889056,-0.8942004446045726,0.5563965485437077,0.47627261380774993,-0.16865121329978047
W02000091,-0.35865677356148146,-1.105250999906572,0.590778968224419,0.32011924665666186,-0.5164117377967689
W02000092,-0.5421980022287667,-1.3663013787013125,-0.5825522210641649,-0.22245581838447018,-0.9344172909024232
W02000093,-0.7148739963359415,-0.24420640946549985,0.6027954088965273,0.6186022851359525,0.2089536562854909
W02000094,-0.43161631591138155,-1.1829538705757727,-0.53224537158172,-0.36123641720962096,-0.7862818393012535
W02000095,-0.7425448039773441,0.9793492072119354,1.389733483235529,1.7669753034919746,0.6347987593550468
W02000096,-0.7448295495624141,-0.6238126194658894,0.6973683723606725,0.40196065052286445,-0.18771767377509604
W02000424,-0.5495091881009905,0.37129696718550764,1.129109178598641,1.5118097543190725,1.2009147355594056
W02000425,-0.7031456356659158,1.016543019320327,1.2394747875269643,1.4145199330681058,0.9009165298401152
W02000426,0.9526856480204392,-0.9553690699778364,0.3154375193489058,0.3157588559336916,-0.16003451880136652
W02000116,-0.7502113947183566,0.9051053050400601,0.8490549593630792,1.1153040532460932,0.6017765534562214
W02000117,0.017310805492805476,0.5617638813675985,-2.521037913633522,-0.8653902161771999,-0.5078603556866085
W02000118,-0.1945104963052344,-0.08854624252134376,-0.5107389873231846,-0.5860497748688817,-0.04431920753162008
W02000120,-0.7473173836439347,0.8704741432872452,0.7897678003674303,1.606102951667405,0.11699205767615539
W02000122,-0.75046525533892,1.5347523070447144,1.1063607211307747,2.1331515460651196,0.22937209169367698
W02000123,-0.7524453681793138,0.45403323951294605,0.7687169361858128,1.4656232185725064,-0.34404988209670134
W02000124,-0.7122338458820829,0.15824751909876336,0.015571265302499625,0.8543673715718761,-0.25388512094457616
W02000125,-0.7485359146226386,0.809213055922053,1.238706136884577,1.8651349979727117,-0.0527065938170978
W02000421,-0.7619397553883823,1.1210705171154294,1.1903139717788729,1.9144038448130538,0.45629870231279923
W02000126,-0.7549332022608345,0.9702652010864564,1.2888205845754157,1.9668931707851554,-0.17391070209024784
W02000127,-0.7447280053141887,0.355086390315183,0.5844472864598061,0.7129574369404321,-0.2593784267749296
W02000128,-0.7518361026899618,0.8836924430595864,1.0630388787396718,1.09358207099774,0.10433932411299342
W02000129,-0.7536131270339052,0.650222187952331,1.4310805163113542,2.152125481840804,0.1861255432003192
W02000130,0.07676496282873667,-1.1345131156914154,-1.288650712829539,-0.5686189340049738,-0.7460210413142284
W02000131,-0.40064532020265564,-1.2514989029161032,0.1964397069695583,0.11208044389606601,-0.6626586857220884
W02000132,-0.7467081181545827,0.5436812133890839,1.0280169390454919,1.3729613623133667,-0.007223909123344351
W02000133,-0.7467588902786954,0.40272107961506193,1.2572741772314868,1.3130691413685964,8.811942431316245e-4
W02000134,-0.6806535846840052,-0.7529959362689677,1.0799375182837503,1.0747014961956889,-0.11795181674409515
W02000135,-0.3585552293132561,-1.3908163750493545,-0.4446663507196186,-0.12213344035653424,-0.9189896294251635
W02000136,-0.7102029609175763,0.033047685811126104,0.9628493817820882,1.6442743471105237,-0.08439726574657572
W02000137,-0.16876902938011304,-1.520879352047356,-0.34918348727593573,-0.47848509087613006,-1.1027841561059055
W02000138,0.008679544393652365,-1.4555417279971519,-0.3174726083308278,-0.5760091253868131,-1.0999403857466707
W02000139,-0.7198496644989827,0.1603261825266629,1.2028259258299332,1.7534322360977965,0.06697462527637682
W02000140,-0.7325934676512618,-0.5422649230672263,0.05200977875455616,-0.011198577531271214,-0.7102625067154942
W02000141,-0.6599893301701503,-0.20280207525129407,-0.4901398582222464,0.23603653475075326,-0.13881769060658297
W02000142,-0.7519376469381872,-0.1477068493182808,0.9042368427967986,1.4678475059150589,-0.5677492723873406
W02000143,-0.762599793001847,1.3488088058440677,1.0494733730405394,1.6431358797372668,-0.17919498616347826
W02000144,-0.752902317296328,1.1007886204046504,1.110806547533615,1.9304198282131932,-0.07419363312035553
W02000145,-0.7583349345763831,1.3314002654528119,0.9420576415183215,1.499223542181222,0.4657655450828273
W02000146,-0.7568625429771157,1.2723458024180088,1.4755547802736222,2.4228915948320027,0.5387371326445979
W02000147,-0.736045972090923,-0.20825380793298456,0.5545289187360865,0.893520964907895,-0.016841519401445983
W02000148,-0.29107907636752384,-0.9970975879245388,-0.5509786562667113,-0.12935939987158224,-0.11976331305280034
W02000149,-0.6594308368049109,-0.24516585448599748,-0.8977109657704915,0.4348465867098307,-0.13050079896707648
W02000151,-0.7063442794850138,-0.5513013736494649,0.2918353796042325,0.18997162090359812,-0.78160696568158206
W02000152,-0.6423714031030554,-0.5967921098222269,0.630979092073472,0.9737040175833083,-0.16816872313774053
W02000153,-0.7391938437859082,0.33255949683143465,1.205304416512594,1.5957194795837275,0.21838396246935227
W02000154,-0.49076584050263666,-0.5253827193475877,0.004515665818422782,0.22338053404301586,-0.5907549483814646
W02000156,-0.6757794607691892,-0.5799407587590488,0.9849453755063686,0.5713731742538476,-0.4048409813962356
W02000157,-0.6731900824394433,-0.19366014004892987,1.043501428311383,0.8126816405602835,-0.1291809489828022
W02000158,-0.6557752438687992,-0.21625697253656165,1.1190298170945763,0.7419314901224197,0.12227411786010293
W02000159,-0.6698898943721201,-0.49232841817060197,0.3149436775370694,0.3646204271337535,-0.6460944514500917
W02000160,-0.5956610489194033,-0.4787276793237006,0.8814003002845121,1.1056584626955523,0.051852369181853326
W02000161,-0.21989655836156707,-1.094214580410347,-0.08468619305173244,-0.7567593360394123,-0.8187479067039647
W02000162,-0.6689759961380921,-0.4106841803257942,0.30261465001322346,0.2610322188292104,-0.2920033672661026
W02000163,0.9313613558931197,-1.1794326947371683,-0.2873142003742662,-0.7584916247069938,-0.567424061151291
W02000164,-0.5144256503391388,-0.545752150702205,0.29079120662969893,-0.38885943835042297,-0.2348067442073494
W02000165,0.66125365561374,-1.3859575323153386,-0.5712395023423376,-0.9858152472952675,-1.0058400491469328
W02000166,-0.30290898128577487,-0.8420897174866503,0.2876719565341901,-0.12993274465462024,-0.5934705829167959
W02000167,0.35352381136687544,-1.1428157907030316,-1.3283737584815822,-0.9554581224219949,-0.9390293538216029
W02000418,-0.7498052177254553,0.752422416419364,1.0929539548198282,1.444971350471252,-0.14069736312037928
W02000168,-0.5572265509661156,-0.26397153488128167,0.3692451413405099,0.03241157099852863,-0.13211622403075354
W02000169,-0.6995915869780293,-0.3782045255580676,0.27675432609869577,0.12391461078718184,-0.3822608054841107
W02000170,0.08803637438174829,-0.29062514150658875,0.10243894887573017,-0.08043187376599074,-0.06466952625854207
W02000171,-0.5841357767458283,0.5080497180678304,1.1768355936035828,0.952584608834107,0.9029211264481585
W02000172,-0.29295764495969245,-0.30936708554632214,0.09690456682064383,-0.2559181956527444,-0.4579499000649158
W02000173,-0.32758423360453026,0.17038142031979006,0.9491592452384296,0.6266446141325452,0.12295070410639078
W02000174,-0.11454440082778647,-0.2810779275421113,0.7190666718854013,0.0901354369698946,0.005697522534109595
W02000175,0.921003842574136,-0.6513963794664831,-1.1396432879440868,-0.7350845901666778,-0.6952339164221744
W02000176,0.5018799580240835,-0.8591777926728597,-0.5655890565018121,-0.06783946969868011,-0.7452594714096514
W02000177,-0.22350137917356627,-0.455913923181416,0.5470602022528942,-0.001450379595765865,-0.44093908457350667
W02000178,0.5695084273421539,-1.5088632004784392,-1.873392117794125,-0.9619966147457701,-1.3686562806569347
W02000179,-0.3922171475999532,0.15765036322959367,0.8661755346259511,0.4450427400552876,0.2357510575576965
W02000180,0.4372978161527733,-1.128895811179514,-0.6428906510211831,-1.0423569149243137,-1.1177988797416496
W02000181,-0.3257564371364743,-0.6785017124885266,-0.501395001302587,-0.969896192440956,-0.7373615780845173
W02000182,1.7719446427024073,-0.5957245391649562,-0.628017537344843,-1.279724592654621,-0.8910872015820817
W02000183,1.0345810842141685,-0.7694167463595187,-1.8713167122092595,-1.1353042187260947,-1.071268517281176
W02000184,-0.05432866163016529,-0.3743747693160358,-0.2807727306673636,-0.5255427749412114,-0.43305227913438904
W02000185,-0.6562829651099258,0.5846061374388983,0.9249702560788159,1.25892184107721,0.8666377391478584
W02000186,1.711881219877124,-1.506146579897667,-2.6803603447506115,-1.2121379596272315,-1.5214146394700896
W02000188,-0.08621355557291911,-0.1915543613646054,-1.38331713152315,-1.2958621405494282,-0.5695647203226838
W02000189,0.6831364411062988,0.7758188997276106,-0.4183968141417867,-0.050615540626011014,1.010945089835774
W02000191,2.0129091437411173,1.1740929849033317,-0.6688775414043816,-1.0153882739003655,0.7505088076924624
W02000192,1.3885643335276714,0.18754779466890134,-3.578700799204054,-1.4157828316083032,-0.24002864495985551
W02000193,3.492205751887735,0.33761894002250764,-2.012970308882274,-1.3224440802602278,-0.9069963250044156
W02000194,0.07737422831808856,1.489584514260071,0.5284316571795957,0.7416290350085025,1.9342923008663042
W02000195,-0.4891411325310314,1.3365000419280773,0.9051794834277623,1.317947887280745,2.786499525352475
W02000196,0.5145222169281373,0.762982126588241,-0.07104701250085053,-0.16670605103182584,1.055090686870157
W02000197,-0.7448803216865268,1.9628822442808471,1.2395847149959678,2.086142870116792,1.9753974971562425
W02000198,0.06559509552395029,1.7877780414965005,0.6690298694364984,0.647580337645588,2.581097970145892
W02000428,-0.27995998118685017,1.0679758338798713,0.9155790937791148,0.37314102882725014,0.6941289779808895
W02000200,-0.7106091379104776,-0.8828942472461231,0.2384522044155763,-0.4200621882739823,-0.7878248035299603
W02000201,-0.7038564454034931,-1.0260333963748762,-0.15400617477963505,-0.6628555110113732,-0.7771009830748776
W02000202,-0.6469408942731953,0.06202687021188344,0.46766364710168534,0.44374351360994474,-0.011577177946199196
W02000204,-0.4542606832656303,0.08436305811048062,0.8031642082812694,1.021062481908337,0.7211760890810672
W02000205,-0.4056717604898095,-0.3648173256843542,-0.03728938619820082,0.10348152670177815,-0.2072305204480066
W02000206,0.8141285213169754,-0.7140057011147735,-2.144383864769481,-1.2965201355445617,-0.910361382758147
W02000207,-0.5233615441829678,-0.0074590042574708,0.7865244992134037,0.5293418647980738,-0.18564998444457323
W02000208,-0.36906505900457787,0.07107870235372941,0.3376321305277198,-0.28122667992624284,-0.4441991625614001
W02000210,0.37418806588073017,-0.6971851889537924,-0.5757809581009691,-0.7866625695408822,-0.6476781607971343
W02000211,-0.3391602779022179,-0.868810674553658,-1.0804540713447672,-0.8810606014001627,-1.0042926106585155
W02000212,-0.6785719275953858,-0.5014631446760821,0.07440806106763545,-0.3048761587998145,-0.4399960594745635
W02000213,-0.3895769971460946,-0.15986096274525205,0.6323895983083061,0.13875672589388222,0.13169010242443543
W02000214,0.9027766500176894,-1.2798047922279485,-0.773022119351011,-1.150488027657389,-1.1567291006835694
W02000215,1.0008683938033587,-0.9108360869193215,-1.3041766589394315,-1.0703237830889285,-1.04576944326394
W02000216,-0.3492131584765257,-0.4864979970792979,-0.38050064884750023,-0.9456302469434722,-0.6591955013433926
W02000217,-0.7043641666446198,0.10727001629243797,0.15223696318424293,-0.23161528080363283,-0.24157378821830983
W02000417,-0.6116542680148929,-0.5319302000994461,0.33463208941638756,-0.16317491632493342,-0.7820354151398751
W02000427,-0.7105075936622524,-0.836252966222684,-0.26172044904157005,-0.6373490962500318,-0.6875814638441159
W02000218,-0.5372223340657255,-1.5313869393901562,-1.04153753224503,-1.1611402750720001,-1.3704880023472386
W02000219,-0.1909056754932351,-0.9886272261217768,-0.660091214079348,-0.9051153587371464,-0.7453283670935429
W02000220,-0.6642034164715015,-1.2800018781575053,-0.21601673903126917,-0.8155020849075059,-0.8846188690007395
W02000221,-0.6432345292129708,-1.1703505944412398,-0.3519128285668237,-0.9727744796924614,-1.152967583971254
W02000222,-0.6117050401390055,-0.8680221389679347,0.12622638955354398,0.19013940020578834,-0.2884966973311994
W02000223,-0.5546879447604823,-0.23571985983014276,0.19843567957152117,-0.23912351469429027,-0.19251400693595241
W02000224,-0.45030045758484244,-0.6710929502411744,0.08102499173908745,-0.39968292322658294,-0.5331879814667279
W02000225,-0.34850234873894836,-0.8490793219617233,-0.08459139011178497,-0.6563320245011862,-0.8213952517290297
W02000226,-0.5575311837107917,-0.18697201165539182,0.7416773769724844,-0.06278655704874402,0.17786920895098718
W02000227,-0.543061128338682,-0.948503635164669,-0.17091939511536466,-0.4075797525099884,-0.6043914283663286
W02000228,0.05051577466248866,0.2968301512709621,1.1155699892532964,0.5611048715496852,0.5650140995264702
W02000229,0.6966925982443806,-0.9314626114331773,0.11516419048637212,-1.0851161519560009,-0.6898459827722927
W02000230,-0.6644065049679522,0.700174878030112,1.2776539022659834,0.9713659478887442,1.105550712569395
W02000231,1.0060471504628505,-0.2267045042074162,-1.283302568972124,-0.9277528414424351,-0.5018480029585553
W02000232,-0.39907138435516304,0.4795970192433058,0.994234187820367,0.6655276796631817,0.594669032379636
W02000233,1.4895500883877626,-0.24090178781792937,0.053000318456538645,0.06250631691717524,-0.23799322170861917
W02000234,1.167553277265239,0.768314293016926,0.8944455470826767,0.8106704337515093,1.0781096071294067
W02000235,-0.1056085069839573,0.5610859986908843,0.272337393610872,0.5988205518196092,1.1119405850466906
W02000236,-0.2181703061417364,0.1301425062274939,0.1098151202086513,0.1759642707805654,0.1716405988881425
W02000237,-0.724673016289686,2.188064840902832,1.4560786362863842,2.0363025379289255,2.9472080500941362
W02000238,-0.6922296289816928,2.325152509358699,1.066873187166182,1.6173371407674075,2.9230344755923063
W02000239,-0.7319842021619097,2.183354815329534,1.4504303759670998,1.698443783985301,2.6557936573017478
W02000240,0.5610294826153387,1.0085421940712336,0.34011858961733293,-0.8142452902919662,0.9145027842055065
W02000241,1.5528629271562564,2.496202576332497,0.03664596883990497,-1.1899293474690156,2.7380495065736246
W02000242,-0.557023462469665,1.582735805574259,0.729799491117643,-0.024431078736158653,1.4405717071176545
W02000243,1.0477818364834615,-0.8002509429276257,-0.7306164870071943,-0.8217615514779556,-0.744671358072762
W02000244,-0.2686885696338384,1.5875291267273972,0.7757247675033622,0.820715825657381,1.8824451132550886
W02000245,0.6544501909826429,-0.026086156995169165,0.03938384712458973,-0.15961871605292202,-0.38431944594847445
W02000246,-0.15714221295831263,1.0413402124085434,1.191008855096737,0.9149753413650785,0.5272630159417084
W02000247,-0.5907869250045875,0.6657838105723468,0.6135910648911894,0.36551114526241957,0.5557064263437631
W02000248,2.648169960638786,-0.23142001826069872,-0.9617160945780496,-1.335791463400243,-0.7860209400066551
W02000249,2.1598944430472833,0.16355778629371318,-0.6905224057942231,-1.2353390404882527,-0.25761555038025635
W02000250,-0.5828664736430116,0.7414474858672478,0.9490498938293009,0.45285868765197823,0.24376974297353068
W02000251,0.24548073125512362,0.8509646269324265,-0.26201382010134855,-0.833992896526833,0.4069350069501495
W02000367,-0.41125669414220273,2.249338100308817,1.275457433137929,1.8628996781974076,3.6172654393229258
W02000368,1.4815280927779615,1.8129640480110605,0.8981451994077703,0.42293743130677725,2.071530398968573
W02000369,-0.15181113992648276,1.7475867385149049,1.2633680378020233,0.8392009641504049,2.4949494363143105
W02000370,-0.11510289419302575,1.8438627649835493,0.7377403970946311,-0.14650557927228958,2.07600735081635
W02000371,0.9162820350316583,1.1084717717370438,-0.4687575937977402,-0.9212682594196093,1.1419149745633925
W02000372,-0.16455494307876184,2.3945587360221783,1.262456623234441,1.26509290262459,3.6026621368249288
W02000373,1.6680141046437813,-0.2882991280202948,-1.3840495740270446,-0.7274598934975617,-0.4505338125737402
W02000374,0.6942047641628599,2.182582616602972,1.0956867427822834,0.9267585091016586,2.9297932455989257
W02000375,0.9835043273568272,-0.22133056260005626,-0.3327916036707805,-1.1297343493820413,-0.30637145061760945
W02000376,-0.2560463107297848,1.6990769904055696,-0.13957735485289302,-0.5718862215931497,1.8203184164049202
W02000377,-0.2546246912546301,0.7637991968740441,0.5544151816884222,0.0415132485526094,0.5203700302665089
W02000378,1.5083865464335617,1.9881351093685529,0.6171106548987733,-0.5752912751588778,2.443157550771791
W02000379,2.267175941297346,-0.5696890691989788,-1.4347256872750187,-0.9813141760512643,-0.9248873187817884
W02000380,-0.6187115932665535,1.8652246071502971,1.4522918414249868,1.7704644286759204,2.9344910425254214
W02000381,0.8034663752533157,-0.5673521139093464,-1.0573406381049006,-1.2867640558855613,-0.6375691366013949
W02000382,1.6971573038844512,-0.4730189540845507,-1.4603308410204197,-1.222389228938916,-1.0348572503470532
W02000383,2.300177821970578,-0.2827215842213838,-1.0954721928750033,-1.3273244801176824,-0.7892165590660839
W02000384,0.6933924101770573,2.0695079139729056,0.8089881770597889,-0.9679848870263563,3.032221525804297
W02000385,0.9846213140873058,1.9145968851294957,0.8210096524574373,-0.12260447775424747,2.917630974285524
W02000386,1.4396918625091255,2.1266229273423916,0.31973161867457744,-0.7676453722760921,2.4332870262828785
W02000387,1.9898078272698545,1.8707081529931149,0.5176818616367144,-0.5853666424208894,1.740386295599936
W02000388,0.3196080324596149,0.4397225847068399,0.16383656580121275,-0.9463322082481339,-0.13662857310068913
W02000389,1.3799838445526307,0.8111418153702298,-0.6137150645304891,-1.1968868213735986,0.193486984446664
W02000390,1.0496096329515174,1.659241733748209,0.5432381931323473,-0.06971452331428288,2.282582980979532
W02000391,2.9946897077077272,0.9926372665009876,-0.8498709806056983,-1.4128363011602199,-0.06652591751255624
W02000392,0.9749746105058994,2.3964667693215365,0.5152842266452388,-0.09087990018014089,2.5305029852173178
W02000393,1.392524559208459,0.25302493730173525,-0.9653437085326118,-1.1051543535776018,-0.20504146962595923
W02000394,4.165799522490467,0.8260681842427436,-1.4421705222862167,-1.376070314639866,-0.8479687260456585
W02000395,1.316518689411799,2.4675547863958216,-0.6137553175469869,-1.1625708906457797,2.6350035825348472
W02000396,4.625642650578876,1.8450101816197397,-1.3545638955624728,-1.4013689993631215,0.9480494697480542
W02000397,1.4031359331480064,0.23892148365233465,-0.9904650171951185,-1.2156129213986209,-0.3404151748521871
W02000398,1.8516061054351796,1.14994756223023,-3.387033867471722,-1.3601512562262892,-1.0807149920427173
W02000399,5.15946076349944,1.6048101999456164,-3.2967467192647653,-1.4144188305028715,0.109395990593978
W02000400,0.9118140881097436,2.8927684023952347,-0.88725822583119,-1.404921820106476,3.6017962745256384
W02000401,2.600698024593444,2.4468370804032507,-0.32711288350194334,-1.1810407135132543,2.224558384001307
W02000402,4.755517744059074,0.6309858993505395,-3.2707387722488312,-1.3276287575206687,-0.7301614244175496
W02000403,0.49553344251000037,0.15605967864778522,-1.4975035962294827,-1.1408705819975402,-0.2413620219725633
W02000404,1.0816976153907218,1.3598930363033135,-2.407287497850368,-1.354163621675502,-0.02894888102802796
W02000405,2.3919738223662765,-1.093616246085148,-2.50736741446602,-1.2886380983164285,-1.4089380559196436
W02000406,1.5743395356559138,2.025690229936592,-0.9222442425711399,-1.280052148471775,1.3470741543550084
W02000407,1.0865717393055379,-0.7779028055481721,-1.654817111950082,-1.196742825986943,-1.088562289163798
W02000408,4.64590072809983,0.32871999630634086,-3.2119961926628076,-1.2976495941546433,-0.25526767702613556
W02000409,1.2399035541257872,0.004190522321299836,-0.9419746403465088,-0.7583134615957624,-0.5080815799422959
W02000410,4.9324078244676,0.31546285022749504,-1.992823505509643,-1.2961222074633427,-0.33134585536638916
W02000411,1.4469522762572367,-0.7368314852414661,-1.0982700126341831,-0.9101714266971845,-1.0792752493037419
W02000412,1.051488201543686,0.8652630809630688,-1.5667170384335816,-1.1992784168015185,-0.26153238427070125
W02000422,-0.04315879432537891,2.7944941225396303,-0.6736586534054013,-1.4672635088153652,3.231484856758603
W02000423,1.7548344368764393,1.950701603794241,-2.07844669930971,-1.399517804940216,0.9791461716571094
W02000252,-0.7125892507508715,-0.9269646395397296,-0.5663373051666077,-0.21289339360200038,-0.7710588619135338
W02000253,-0.44187228498213993,-0.49030533221935446,-0.4257655137186406,-0.6394522269501256,-0.32496959647324253
W02000254,-0.45852554169109416,-0.45828309550944324,-0.3748514347092746,-0.2157701326626027,-0.353895423535629
W02000255,-0.45512380937554564,-0.1966500636955139,-0.1038440747224438,-0.02132661665132225,-0.2906656793682487
W02000256,-0.46796915677604994,-1.0271255746745966,-0.8299091334551997,-1.020664818302672,-1.0098915490523055
W02000257,-0.46309503286123405,-0.7640642203142844,-0.8341576392331871,-0.8555094699336244,-0.6280935636566718
W02000258,-0.6349586729826063,-1.1504868191198205,-1.3693324533027098,-1.2621550907514476,-1.0249174030955304
W02000259,0.5992101199480632,-1.3874300726952224,-1.32973409994861,-1.226658046149806,-1.409489766004995
W02000260,-0.5536725022782291,-1.2742949871867095,-1.3511749275487512,-1.2537325017281131,-1.176872958157221
W02000261,-0.47807280947447034,-0.8269383186842457,-0.5449752211265658,-1.0802135501702521,-0.5875909092283679
W02000262,-0.30499063837439416,-0.9134954268227897,-0.4582733732002839,-1.052421050637126,-0.6892805381711138
W02000263,-0.4160292738087933,-0.7503125697367916,-0.40746330662263586,-0.9215292011040525,-0.807439742964087
W02000264,-0.34936547484886366,-1.2835665746314324,-1.203598738230185,-1.2477312933940197,-1.099866540955703
W02000265,-0.3179375300231238,-1.2268106344312872,-0.8557127709378681,-1.1254956946034198,-1.0170693522736178
W02000266,-0.593731708203122,-0.5002061493786211,-0.3995204261531224,-0.7391431158812856,-0.6602851450203522
W02000267,-0.37820404134485763,-1.3235262479431131,-0.7221054204297719,-1.1470314279132912,-1.1199132733926476
W02000268,-0.30438137288504213,-0.5685830038086538,-0.7810198804393416,-1.0445808433615638,-0.9025333740087129
W02000269,-0.18486379272382797,-1.1004742894262152,-0.6837754397442184,-1.1499757757376714,-1.0398605070309042
W02000270,-0.2476181381270823,0.07029708147634806,0.12010669339235142,-1.0322761055691638,-0.3464655770695161
W02000271,0.013604440432580928,-0.9553270364304505,-1.1284611653334973,-1.0255993426788286,-1.0150553356847887
W02000272,-0.3617031010082414,0.3327636610584306,-0.31036111335920913,-0.8277191626296443,-0.10454603822025554
W02000273,-0.05148542267985608,-0.46522472307868423,-1.5481659603869877,-1.091778011111214,-1.1203013336809402
W02000274,-0.4422784619750412,-0.7190003923720306,0.09290930032045411,-0.1861046054928192,-0.545989066808362
W02000275,-0.5620499027568188,-0.7283627684710743,-0.24730964791539298,-0.6855299732626382,-0.5154036971897443
W02000276,-0.27569512276138625,0.26520370319929853,0.3767841181221247,-0.11556694907604587,0.1450145225336502
W02000277,-0.4592363514286715,0.5784859986540145,-0.10081619151369377,-0.8173220349847408,0.046277411409260553
W02000278,-0.35388419389489084,0.9297333200679133,1.4291688636014852,0.718150972431029,1.1167396138637116
W02000279,-0.11408745171077243,-0.25238550446974234,0.46826904638254435,-0.6242820980453117,-0.33977277920597193
W02000280,-0.5620499027568188,0.37397010022219834,0.9571983279792533,0.11377363275730983,0.5262137368096036
W02000281,-0.4486757496132371,0.6374670268231495,0.4122774467258519,0.13209196828984385,0.5804210932725646
W02000282,-0.464313563839938,1.043155572115347,1.0284063881580652,0.5224575072693263,1.345057018662302
W02000290,-0.5684979625191273,-1.072384785691086,-1.0789211872868207,-0.9538182765707716,-1.163849151607568
W02000291,-0.6467885779008573,-1.314036543185262,-0.8976170279781929,-1.033213115790353,-1.1790717675105378
W02000292,-0.10032820607624017,-0.855706421569574,-0.8018093600195504,-0.9575319140129064,-0.9683444161482039
W02000293,0.3548946587179173,-0.5953927706187739,-0.9289506879767385,-1.1961833899995806,-1.0556308180294887
W02000294,-0.6163760755573707,0.10571085106234392,0.38884240898075123,-0.29406372058086555,-0.15553451591629175
W02000295,-0.4567992894712636,-0.44581867853346546,0.5826607515813844,-0.3687446968307503,-0.14432766433908312
W02000296,0.4787786415528208,-0.8303753385202732,-0.36054075145468245,-0.7626693875603896,-0.7643380845795549
W02000297,-0.4542606832656303,-0.3046926807380276,0.028756912122434534,-0.4237140443539272,-0.530353257610423
W02000298,0.2248672488653814,0.19660421940229805,0.33907479563758763,-0.13027736725179173,-0.0852942365650242
W02000299,-0.4639581589711494,-0.3207665107405574,-0.03744574035846516,-0.6723337244892217,-0.5567796203699129
W02000300,-0.02945032081495927,-0.33980159610701577,0.10887103113402956,-0.5066538435085141,-0.3333885540629306
W02000301,-0.349771651841765,-0.05858299411391136,0.2791299539276323,-0.3205663028552563,-0.09071643195266559
W02000302,-0.4763973293787524,0.1700360880332973,0.37139228078876235,-0.33143428526166485,0.2056642655141348
W02000303,-0.5751491107778864,0.17635417814043056,0.36428503206837226,-1.0065651049739817,-0.2829899035832949
W02000304,-0.6131774317382729,-0.5296679884735748,-0.017024424663157026,-1.0581966303707495,-0.5767604147299946
W02000305,0.36591220965036586,-0.5451911001235341,-0.17681953312061444,-0.9472626339774187,-0.44385700187043786
W02000306,-0.2668100010416698,-0.36051417526546176,-0.3453991282887613,-1.0490953195842498,-0.6044995559977114
W02000307,-0.5213814313425739,-0.6162917859744748,-0.6273206130969003,-1.0279227688141421,-1.0189600916145245
W02000308,-0.18460993210326465,-0.13621764906162426,-0.08160238884802924,-0.5759540931281297,-0.46447001460483667
W02000309,-0.4597948447939108,0.16013441248996757,-0.08706338049669973,-0.5080632952957743,-0.22794642984325017
W02000310,-0.6874062771909896,0.8614356204930035,0.015365815997147675,0.09656114972850557,0.6526528883898016
W02000311,0.7930580898102193,0.016726107848703334,-0.7333582981886089,-0.6672377316641995,-0.47697037290522587
W02000312,0.7447737997790747,0.2943680035230331,-0.02009188915706467,-0.5679734230206451,-0.07751820342947663
W02000313,-0.17699411348636485,1.405692920911105,0.4874659637372174,0.1694761742729239,1.0595097965730895
W02000314,-0.362363138621706,-1.3249612616211321,-0.16677362281080546,-0.42826826088901443,-0.8116805142226011
W02000315,-0.31194641937782935,-1.3696096794659174,-0.5422613917046634,-0.9490730537758784,-0.8277289167104571
W02000316,-0.5763168696324779,-1.1068143675991222,-0.3409651170848243,-0.5652370971636945,-0.918180053969001
W02000317,-0.004318119379189919,-1.26784615532363,-0.16596829552332243,-1.042977365091797,-1.0068980652022863
W02000318,-0.46746143553492325,-1.4890965143617225,-0.24204055469647406,-0.7982935229544078,-1.1346181214969144
W02000319,-0.4802052386872023,-1.1183406148536799,-0.6093480714606159,-0.9084503103237095,-0.8863800433348619
W02000320,-0.5177766105305747,-1.2694046076243082,-0.42661888075082105,-0.9235766341304009,-0.9355283970625662
W02000321,-0.46751220765903595,-1.2363171860096642,-0.7401496966948276,-1.078665106239255,-0.9388391864064691
W02000322,-0.4795452010737376,-1.1395300675872766,-0.489571199777588,-1.1183090458597569,-1.05080872137839
W02000323,-0.598148883000924,-1.0148498662837286,-0.27979317338695836,-0.9179477622151633,-0.7806294168074761
W02000324,-0.6251596530288618,-1.006106958322916,0.11355046785651206,-0.4855981178222859,-0.7123709979838584
W02000325,-0.12251562431347483,-1.007388132138176,-0.6422845739956138,-0.7549446884352657,-0.8520283788825904
W02000326,-0.5392024469061194,-0.4714566194168145,-0.15992962686861062,-0.8346169828596556,-0.6115246427793762
W02000327,-0.5080283627009429,-0.01613811005353738,0.7912804281638487,0.24248505035166137,0.3378019811944477
W02000328,0.40861156602911736,-0.36962832874074236,0.6386598129194403,-0.4235383585852167,-0.08071704400281447
W02000329,-0.09474327242384697,-0.12510083973465952,-0.3436663750738618,-0.6487143416081548,-0.417975398448498
W02000330,0.08697015977538236,-0.3254435994871425,-0.07531803439043873,-0.6724469282260892,-0.0031850343320719244
W02000331,1.3750081763895894,-0.9305176124852108,-0.8193407139230682,-1.3062241449871466,-1.212709365944747
W02000332,0.40663145318872335,-0.6837727072550704,-1.2312438872713782,-1.0032938104629507,-0.8398532238194348
W02000333,0.023505004634550672,-0.11333057651447875,0.41724077617469196,0.013657813409750042,-0.08391246691436081
W02000334,-0.5118362720093927,0.42142588151123256,0.7736850532247783,0.5129388396700568,0.2474174203628059
W02000335,-0.4218680680817498,0.9754511439679504,0.5872235537650763,0.6000324589079249,0.8736746651495996
W02000336,-0.7398538813993729,1.1512926637862182,0.34231758753826463,0.6882760744245492,1.2493453939140369
W02000337,0.8395145833733081,-0.4300077560298355,-0.35301542517059725,-0.5966319535563739,-0.028710658018857346
W02000338,-0.6925342617263688,0.6441115309636597,0.9698434773822511,1.2990304139015154,1.1969724082269821
W02000339,-0.5680410134021133,0.28838243934518887,0.3813600995325146,0.46227610830745347,0.9325921812361386
W02000340,-0.7553901513778485,2.3208785925165825,1.4528095042899214,1.97727888618294,1.5681960583909136
W02000341,-0.7373660473178523,1.758155622502827,1.2550766214346007,1.2061191418773933,1.6499213382642826
W02000342,-0.7331011888923884,2.38554756629881,1.5201386482590893,2.2817468698880585,2.8230326401558767
W02000343,0.29346038854159223,0.04099009516761714,-0.008324753281580773,-0.708936739243321,0.1412974511408887
W02000344,-0.7074612662154924,1.743847135468061,1.4179072698042257,1.650189850986741,1.8365075292186126
W02000345,0.40795152841565263,-0.3166895846944168,0.019815138940374007,-0.592846353576618,-0.3338537159703319
W02000346,-0.6043938542667817,1.5009961622100867,1.1859685243895968,1.3292667236962081,1.4971777429903428
W02000347,-0.4792913404531743,1.3587374410962287,0.5997015489388925,0.4261616602977967,1.4204466037729897
W02000348,1.0940860136742123,0.0014684583700023417,-0.03664434697383198,-0.8114267200654492,-0.19868414876249832
W02000349,0.05046500253837593,-1.114184043179211,-1.7275901739467185,-1.1709360816363668,-1.1175160302052092
W02000350,-0.6975607020135227,1.2114945188823143,1.2504760184258525,1.2862410279329215,1.661867502876919
W02000351,1.617394296903454,-0.19465186560628203,-0.7475669372834304,-0.9508850179138184,-0.2731056315796474
W02000352,0.9523302431516507,0.06661977235187946,-1.17306584829653,-1.2730106585475693,-0.6416889311156105
W02000353,1.5140730243341802,0.1343187217885123,-0.17750216511583555,-1.3213762148704074,-0.3374693523433172
W02000354,1.2179699965091157,-0.0019035203438538875,-0.36155245598908986,-0.13887774618387552,-0.1892822102206176
W02000355,-0.10591313972863335,1.772064899616808,1.0829383977714333,1.2915966093388396,1.8981180158862445
W02000356,0.8514968046638973,-1.5041239324528684,-1.9757127510021881,-1.1698052539135435,-1.4242363626746248
W02000357,3.359842824326016,-0.3158103523306625,-0.9059473950402982,-1.0823354894996458,-0.8115000182944734
W02000358,0.2624893928328665,2.05662418119474,0.6071257824819578,0.3046003340319393,2.3087201748510604
W02000359,2.972197656725816,-0.5235218815087672,-0.805901445083026,-1.2337513404484037,-0.6873889782284759
W02000360,1.391153711857417,0.445511204189979,-2.3711868669109006,-1.3087706003224144,-0.18917279143295226
W02000361,-0.3728221961889151,-0.7266015290129315,-0.36259327310720507,-0.9108689600863316,-0.7447877480931789
W02000362,0.2023751978834707,1.5581946921451195,0.7056957885706759,0.1860693021447279,1.4272714766345578
W02000363,0.5642281264344366,-0.06482777971033367,-0.8792840784866404,-1.0075655467087201,-0.17323322722434661
W02000364,0.08412692082507314,-0.6497444842611775,-1.8991773503045797,-0.8307174509190927,-0.7732031856190689
W02000365,1.0491526838345033,-0.04738265881124598,-0.8351916727145997,-0.6757227903747434,-0.4207653127313521
W02000366,-0.6783180669748224,1.6631040443597873,1.443564713000886,1.3163794289216306,1.9595171783347118
W02000097,-0.7606196801614531,1.2017031914130403,1.3810148254041867,1.892939210520283,0.07373512921931313
W02000098,-0.7431540694666962,0.39882691514519863,1.3655552617839637,2.052524298388291,0.13649600897582684
W02000099,-0.6831414187655257,-0.9151267012412677,-0.6133875165111511,0.07799606066560152,-0.6865613348956333
W02000100,-0.763361374863537,1.2467013061734815,0.6081194955053026,1.0435842317317208,0.03565302950437163
W02000101,-0.7475712442644981,0.4116943964712143,1.4145859928311781,1.6290535374393131,0.26068695034970357
W02000102,-0.7576748969629183,0.9302406645040855,1.3118893848178665,1.7544046195611727,-0.16217807072035517
W02000103,-0.7540700761509191,0.6413290304163696,1.517370666092803,2.012577371036409,0.028626965879426824
W02000104,-0.6338416862521277,-0.7919081343467028,-0.5459022074510343,0.36226767249194475,-0.2715376598132876
W02000105,-0.09712956225714216,-1.4833505567217027,-0.8547184196335488,-0.9537977154853897,-1.1802410637506169
W02000106,-0.7606196801614531,0.6972212256751504,0.9040461336744324,1.1821094011755913,0.006973059487135526
W02000107,-0.7601119589203265,0.7507536915784568,1.0371228341510874,1.4218053732705807,-0.23343112345460904
W02000108,-0.761228945650805,0.9395255244956439,1.0458696573356647,1.5229451546638053,-0.15732422408191674
W02000109,-0.5454981902960899,0.1559183466545947,-0.40754881043291136,0.09997412867848278,-0.4859031323614111
W02000110,-0.7636152354841003,1.3010290174806174,0.8930456724246976,1.2969706676275763,-0.2093719818872274
W02000111,-0.7563040496118765,1.360520413331965,0.9859310829771726,1.0582412069997613,0.18837276284886567
W02000113,-0.39176019848293925,-0.032171276590910944,-0.12129616471542323,-0.2755980816622736,-0.0033374046519423213
W02000114,-0.7547808858884966,1.5420939260443776,1.2574555968203867,1.5884463166556357,1.3926270190486556
W02000414,-0.7652399434557056,2.240013231865426,1.5626499485467689,1.794441148671971,0.8064098727847232
W02000416,-0.738178401303655,-0.4348231644981964,0.3899520762286492,0.043824845465666125,-0.4583628818702628
W02000284,-0.3533764726537642,-1.1528122094594455,-0.6782492769810152,-0.8121081834756683,-0.9913112079011391
W02000285,-0.3564735722246368,-0.35542003600882366,0.38602164697032665,-0.022397463188279274,-0.05473775822687352
W02000286,0.28660615178638243,-0.9043356214506302,-2.0775430423030894,-0.990938068926332,-0.9006658249173758
W02000287,-0.2861541803285953,-0.5433136147134379,0.006609160496170523,-0.5450797696465584,-0.5936678887123432
W02000288,-0.6699914386203454,-0.9538681005104038,-0.7408526251156498,-0.9602756680172285,-0.893532884154768
W02000289,-0.32265933756560167,-0.3856163327192529,0.23268830925205644,-0.24360556866922853,-0.3733914846912337
W02000415,-0.5915992789903901,-1.3059309239959187,-1.777874353078353,-0.7831744966542916,-1.2800958074043953
